Date,Portfolio
2012-12-14,-0.0018701238632926854
2012-12-17,0.001210779381229257
2012-12-18,-8.020575125258965e-05
2012-12-19,0.012180943249983613
2012-12-20,0.004691342379387399
2012-12-21,0.002844787125397172
2012-12-24,0.0015508010741517339
2012-12-26,0.0010932051044109745
2012-12-27,5.5569505343872064e-05
2012-12-28,-0.009149414508796434
2012-12-31,0.005144244050509453
2013-01-02,0.0005293168771406245
2013-01-03,0.0020522066996915118
2013-01-04,0.001952565293107925
2013-01-07,-0.0011635676889085018
2013-01-08,-0.00475922877377087
2013-01-09,-0.00740155636148556
2013-01-10,0.00036287773130505964
2013-01-11,4.6992884348787275e-06
2013-01-14,-0.0009374521774917625
2013-01-15,0.006333849698622435
2013-01-16,0.006976371328350009
2013-01-17,0.005840346459179506
2013-01-18,0.015940359584129912
2013-01-21,0.008456915912034896
2013-01-22,-0.009444178207023904
2013-01-23,0.00152931754522611
2013-01-24,-0.0013108096765613712
2013-01-25,0.004904687878334875
2013-01-28,0.005010472911006918
2013-01-29,0.002223561772434473
2013-01-30,0.004124184015225045
2013-01-31,-0.00819531618308187
2013-02-01,0.005704807097875537
2013-02-04,-0.0007798235261899916
2013-02-05,0.0047263681021544575
2013-02-06,0.0009941160720428523
2013-02-07,-0.0031592225763318192
2013-02-08,0.014791103491058477
2013-02-11,-0.005127391698198414
2013-02-12,0.009276690603079615
2013-02-13,0.009761477672765181
2013-02-14,0.009953286664382539
2013-02-15,0.019703216175054224
2013-02-18,0.008617908282999862
2013-02-19,0.0005025986188402583
2013-02-20,0.003139775655447691
2013-02-21,-0.009185262774344857
2013-02-22,0.008375987553329255
2013-02-25,0.003995223476056309
2013-02-26,-0.018113879156832373
2013-02-27,0.006721837800441343
2013-02-28,0.006513934139573693
2013-03-01,0.00020175451079359655
2013-03-04,0.00658675360558786
2013-03-05,0.0032717639247314017
2013-03-06,0.008870773135006605
2013-03-07,0.0011863852782840365
2013-03-08,0.004235958406005501
2013-03-11,-0.003189178097018822
2013-03-12,-0.001342373322436562
2013-03-13,0.00701392419632109
2013-03-14,-0.009538188933999414
2013-03-15,-0.00701997533601385
2013-03-18,-0.00202737958963998
2013-03-19,0.0009371669534125713
2013-03-20,0.0013993142474138611
2013-03-21,-0.0032490141893333933
2013-03-22,-0.00023499134403672157
2013-03-25,-0.004799987691430379
2013-03-26,0.012419907192114766
2013-03-27,0.0005336885717119688
2013-03-28,0.00482117354532457
2013-04-01,0.007099314514221022
2013-04-02,-0.0016092905178565738
2013-04-03,0.0018067537017420936
2013-04-04,-0.00841363857412711
2013-04-05,-0.012303422278758594
2013-04-08,-0.0009285239612505406
2013-04-09,-0.002506358165565511
2013-04-10,0.00381929542895556
2013-04-11,0.008752169743701342
2013-04-12,-0.006091725474941716
2013-04-15,-0.009808894945151681
2013-04-16,-0.003474173343465624
2013-04-17,-0.013157104839389252
2013-04-18,0.003403940736948577
2013-04-19,-0.004333033481446904
2013-04-22,-0.0008407019903465191
2013-04-23,0.007076369275598003
2013-04-24,0.0020775163622229744
2013-04-25,0.008832332364908584
2013-04-26,0.002767606861077952
2013-04-29,0.0038785867628708917
2013-04-30,-0.0028882530528832155
2013-05-01,6.954429902358714e-05
2013-05-02,0.00019775096694548541
2013-05-03,0.008929455983397516
2013-05-06,-0.0017074459587439093
2013-05-07,0.0052956442708087925
2013-05-08,-0.0004942683033091916
2013-05-09,0.0005285896583673476
2013-05-10,0.009757886197678674
2013-05-13,0.005266827842211873
2013-05-14,0.0025190249515721075
2013-05-15,0.006036807090818696
2013-05-16,0.004794300809983469
2013-05-17,0.00019978836604669128
2013-05-20,0.010568505136766014
2013-05-21,-0.0003865854621641373
2013-05-22,-0.005172655086542174
2013-05-23,-0.011089605347797939
2013-05-24,0.003015098255734159
2013-05-27,-0.00026798175781341443
2013-05-28,0.0037511912807799684
2013-05-29,-0.0073745297920341495
2013-05-30,-0.0010342601499178238
2013-05-31,-0.004761894670716551
2013-06-03,-0.009281353066773242
2013-06-04,0.0004605166430876685
2013-06-05,-0.0065376235620229735
2013-06-06,-0.00837499554677462
2013-06-07,-0.0025811156268578835
2013-06-10,0.00869226816622204
2013-06-11,-0.004337439147751519
2013-06-12,-0.0030372270289148002
2013-06-13,-0.005542169993682302
2013-06-14,0.006180583672307385
2013-06-17,0.009521571087437179
2013-06-18,0.0033090115494423776
2013-06-19,-0.005183857082698766
2013-06-20,-0.008702804097023988
2013-06-21,-0.04042417406838171
2013-06-24,-0.01095507512951973
2013-06-25,0.013283561969071577
2013-06-26,0.014501287312402009
2013-06-27,0.0038820853600344918
2013-06-28,-0.0033137606877540493
2013-07-01,-0.0007599953354211386
2013-07-02,0.001725554930160175
2013-07-03,-0.00187313595253575
2013-07-04,0.01813351094140337
2013-07-05,0.0019095523609772745
2013-07-08,0.0066259319385175
2013-07-09,0.00021018775640996691
2013-07-10,0.019106445474204804
2013-07-11,0.00046450011077965505
2013-07-12,-0.00917531969209652
2013-07-15,0.0017649076686882359
2013-07-16,0.0028271777397885275
2013-07-17,-0.005574668311793854
2013-07-18,0.022625457026263923
2013-07-19,-0.001067157804386379
2013-07-22,-0.0031601170314073165
2013-07-23,-0.002416936595134372
2013-07-24,0.003246890764648736
2013-07-25,0.012685616234581375
2013-07-26,0.0006596569194524894
2013-07-29,-0.005486146125576603
2013-07-30,0.007691603813501414
2013-07-31,0.005102872951189149
2013-08-01,0.013277975089641616
2013-08-02,0.019595231065257384
2013-08-05,-0.0018338659165137326
2013-08-06,-0.014958426901388948
2013-08-07,-0.007119956389368125
2013-08-08,0.0009988906886443862
2013-08-09,0.0019315277761746334
2013-08-12,-0.0027743723658354862
2013-08-13,-0.00572308191456956
2013-08-14,-0.00029947226714793166
2013-08-15,0.00022969819372808606
2013-08-16,-0.007466255157826596
2013-08-19,-0.007134928693722013
2013-08-20,-0.01498052563842569
2013-08-21,-0.0010524855167440535
2013-08-22,0.01573822834754476
2013-08-23,0.0011017493892857037
2013-08-26,-0.011459118955764368
2013-08-27,-0.018534632064904664
2013-08-28,-0.0037556119714995096
2013-08-29,0.019955687849456435
2013-08-30,-0.005199202057909682
2013-09-02,0.017173437793396678
2013-09-03,0.0053541483532231395
2013-09-04,0.00017332123104943375
2013-09-05,0.015227068896773121
2013-09-06,0.0063998733463592646
2013-09-09,0.005833782728634041
2013-09-10,0.0055728568500311585
2013-09-11,-0.00631186895292529
2013-09-12,0.006335822884868892
2013-09-13,-0.0021407162995675725
2013-09-16,0.0012569392371305707
2013-09-17,-0.00688586867307827
2013-09-18,0.0018525688994251452
2013-09-19,-0.0017282712487684036
2013-09-20,0.0019980493497756256
2013-09-23,-0.00367409987260828
2013-09-24,0.004119134797962184
2013-09-25,0.0008185682108291532
2013-09-26,-0.004255684451073625
2013-09-27,0.00454439920137731
2013-09-30,-0.0066659181026535305
2013-10-01,0.010134058472234097
2013-10-02,-0.008790337279251745
2013-10-03,-0.010546286899971974
2013-10-04,0.0038990032909004078
2013-10-07,-0.0050140644162966095
2013-10-08,-0.0009751891842810065
2013-10-09,0.0022457104179208296
2013-10-10,0.014660295723281635
2013-10-11,0.0017097492592550363
2013-10-14,-0.002119807039190701
2013-10-15,0.0034490489083418953
2013-10-16,0.00274069661265012
2013-10-17,0.002940761178446258
2013-10-18,-0.0013574818993397917
2013-10-21,-0.0010297866243198957
2013-10-22,-0.0012223870464026791
2013-10-23,-0.010264727846039082
2013-10-24,0.00815004748325731
2013-10-25,0.002364349546533847
2013-10-28,-0.008068832495166876
2013-10-29,0.0002065925951544197
2013-10-30,-0.002173624468098951
2013-10-31,0.0036559134775776083
2013-11-01,0.002811620186582364
2013-11-04,0.001489661516047144
2013-11-05,-0.002358143909954467
2013-11-06,-0.003205593294430323
2013-11-07,-0.012778208619044645
2013-11-08,0.016393846804553622
2013-11-11,0.007612831911566873
2013-11-12,-0.005421171559832163
2013-11-13,-0.004237251627840767
2013-11-14,-0.002986141049302782
2013-11-15,0.008073346828867352
2013-11-18,0.005498640942489755
2013-11-19,-0.0041602359474492015
2013-11-20,-0.0037591583513427057
2013-11-21,0.0007745898557947252
2013-11-22,0.001119437340465807
2013-11-25,-0.0033859313311283786
2013-11-26,0.00375498288350913
2013-11-27,0.00198156314039675
2013-11-28,-0.00264759665410075
2013-11-29,-0.0034019202963012866
2013-12-02,-2.2354842044768693e-05
2013-12-03,-0.005203677104512082
2013-12-04,-0.0010963282303834618
2013-12-05,-0.0014734620292777404
2013-12-06,0.0032898207832207276
2013-12-09,0.0008062811643592704
2013-12-10,-0.00037256659493326775
2013-12-11,-0.001517907809110717
2013-12-12,-0.010726455114935567
2013-12-13,-0.006744669029870595
2013-12-16,0.015018889562894988
2013-12-17,0.004092796844282731
2013-12-18,0.004777750349833274
2013-12-19,0.008809802752596584
2013-12-20,0.011865143308837145
2013-12-23,0.0007506933051193232
2013-12-24,0.0014472024299018607
2013-12-26,0.005506623934482232
2013-12-27,0.0006163750749937674
2013-12-30,-0.003165721109646125
2013-12-31,-0.0015566977262178022
2014-01-02,-0.005963995578641051
2014-01-03,0.0039058162909196437
2014-01-06,0.005295800294548586
2014-01-07,0.002362353588484975
2014-01-08,-0.0077718708477839205
2014-01-09,-0.000255145892437988
2014-01-10,0.0028015147702841396
2014-01-13,-0.008540290257489017
2014-01-14,0.004251322800839706
2014-01-15,0.004372047269842067
2014-01-16,0.004316282326984096
2014-01-17,-0.003685851251597139
2014-01-20,0.0038183408107855575
2014-01-21,-0.0021802118047450927
2014-01-22,-0.005855518362429278
2014-01-23,0.0055009066342962725
2014-01-24,-0.016141208151566767
2014-01-27,-0.005764988617840702
2014-01-28,0.0035248399803299367
2014-01-29,0.004342411927193715
2014-01-30,0.0010075732181161422
2014-01-31,-0.002611543064754268
2014-02-03,0.0048911248185609406
2014-02-04,-0.0003930036785852502
2014-02-05,0.0077105439676591475
2014-02-06,0.007180544487136367
2014-02-07,-0.00011884981247338092
2014-02-10,0.0001069343238979093
2014-02-11,0.010565093787602552
2014-02-12,0.0006372689133626442
2014-02-13,0.008062685918068281
2014-02-14,-0.0004949029249531026
2014-02-17,0.00026401844970064145
2014-02-18,0.00012928318880298648
2014-02-19,-0.0005339570201195613
2014-02-20,0.0002191795519334653
2014-02-21,0.003510908554224945
2014-02-24,-0.00016116720844224722
2014-02-25,0.004883719424902171
2014-02-26,-0.005216672854472492
2014-02-27,0.00316053750025667
2014-02-28,0.02005014182734018
2014-03-03,-0.01649280700943999
2014-03-04,0.008715627731348074
2014-03-05,0.003129535423186986
2014-03-06,0.008808569994404198
2014-03-07,-0.011671400579592687
2014-03-10,0.004071969724762691
2014-03-11,-0.004629404190670054
2014-03-12,-0.0027350670206228098
2014-03-13,-0.00567727783560059
2014-03-14,-0.0008461949572034093
2014-03-17,0.010060143755269903
2014-03-18,0.005246208366722659
2014-03-19,-0.012515741697813675
2014-03-20,0.005329539170915724
2014-03-21,-0.0066357462805802766
2014-03-24,-0.0051367962482732725
2014-03-25,0.007834920718190128
2014-03-26,0.00670039339153642
2014-03-27,-0.010517722203400606
2014-03-28,0.002340583072432643
2014-03-31,0.002442158051468374
2014-04-01,-0.00756432383521998
2014-04-02,-0.0009485584546163312
2014-04-03,-0.0002650154198532399
2014-04-04,-0.0027347619601284503
2014-04-07,0.0017267954669163614
2014-04-08,-0.0055594933206704914
2014-04-09,0.0033989854237765995
2014-04-10,-0.012822231004183324
2014-04-11,-0.007921458072058914
2014-04-14,0.0010998868427595457
2014-04-15,-0.008417258617864397
2014-04-16,0.01348809753441603
2014-04-17,-0.0018039227407126983
2014-04-21,-0.0002251885136693521
2014-04-22,0.0008466069436890528
2014-04-23,-0.007374146436791936
2014-04-24,0.006186268773122639
2014-04-25,-0.0072732345081690745
2014-04-28,-0.0036327062686051697
2014-04-29,0.00011679089041939563
2014-04-30,0.004844824652792282
2014-05-01,-0.006710044007234047
2014-05-02,-0.003071730909096119
2014-05-05,-0.0006587491190132137
2014-05-06,-0.014731233279831136
2014-05-07,-0.0027888650937421817
2014-05-08,0.009301127624665123
2014-05-09,-0.004625244747122307
2014-05-12,-0.003467137225268366
2014-05-13,0.00031962407781274704
2014-05-14,0.0032449515703042273
2014-05-15,0.007363808191655082
2014-05-16,-0.0014020335441294282
2014-05-19,0.012009918353647083
2014-05-20,-0.007571169839705598
2014-05-21,0.0031198636807439452
2014-05-22,-0.0017338743704753898
2014-05-23,0.012211845340720319
2014-05-26,0.0067710004487369834
2014-05-27,0.0016790414501386287
2014-05-28,0.0006732304524255605
2014-05-29,0.005896699870239595
2014-05-30,0.0004569041686131955
2014-06-02,0.00228846937000216
2014-06-03,-0.0018340370525905558
2014-06-04,-0.004102953547112679
2014-06-05,0.012281639256499525
2014-06-06,0.01170994037417822
2014-06-09,-0.002359846793790238
2014-06-10,-0.004910116962014984
2014-06-11,0.0020089481031970655
2014-06-12,0.00013181377038198904
2014-06-13,-0.005623851016532799
2014-06-16,0.004574524807142658
2014-06-17,0.0013477764263308573
2014-06-18,0.0007665560097324494
2014-06-19,0.0007280253032488197
2014-06-20,-0.0017218069270094937
2014-06-23,0.0017964812493756577
2014-06-24,0.0018214405437584754
2014-06-25,-0.0031357372731337365
2014-06-26,-0.0005525090571962736
2014-06-27,0.0025177828718923535
2014-06-30,0.0026686049288103023
2014-07-01,-0.000811124532297029
2014-07-02,0.001354557569981603
2014-07-03,0.004963114720733959
2014-07-04,0.001115258956599727
2014-07-07,-0.002151960348289838
2014-07-08,-0.006643366139647413
2014-07-09,-0.002273671220400284
2014-07-10,-0.0032600692707398207
2014-07-11,0.0043773826374617665
2014-07-14,0.0056892181231369045
2014-07-15,-0.006994615205392797
2014-07-16,0.00624675555594142
2014-07-17,0.00039654495114243085
2014-07-18,-0.0017364637880601344
2014-07-21,-0.00010205923708824871
2014-07-22,0.0020707490558130566
2014-07-23,0.003101096087160004
2014-07-24,0.0003702288381765506
2014-07-25,-0.012974786561628785
2014-07-28,0.000917902415076584
2014-07-29,0.0032332772369604705
2014-07-30,-0.003168692914770465
2014-07-31,-0.002669406325711992
2014-08-01,-0.0023161315340555016
2014-08-04,-0.004090552162954154
2014-08-05,0.0032222004203410906
2014-08-06,0.0004510242255060504
2014-08-07,-0.005456810393597054
2014-08-08,-0.0018497010132377447
2014-08-11,0.004577597323987423
2014-08-12,0.0048235374710455204
2014-08-13,-0.001481775254494665
2014-08-14,0.0010911815488653834
2014-08-15,-0.00044664225539402263
2014-08-18,0.003990956915932895
2014-08-19,0.0039355198958243845
2014-08-20,0.00010022441075929192
2014-08-21,0.0027580613958205504
2014-08-22,-0.004177337240976188
2014-08-25,0.007480994549230303
2014-08-26,0.0014577253439913042
2014-08-27,0.0022740157766851276
2014-08-28,-0.0018768138551621201
2014-08-29,0.00100290573046958
2014-09-01,0.002783708832560441
2014-09-02,0.0011543572756549823
2014-09-03,-0.0031793565412490702
2014-09-04,-0.0024878270283747355
2014-09-05,0.0019498498659539475
2014-09-08,-0.00043679967183767927
2014-09-09,0.0021978643810338623
2014-09-10,-0.003836351045779344
2014-09-11,-0.0006338666045538748
2014-09-12,-0.0005840011727451535
2014-09-15,0.00183281795180557
2014-09-16,0.0008867411698542461
2014-09-17,0.002551411598235933
2014-09-18,0.007257139591595196
2014-09-19,-0.0027179294614752287
2014-09-22,0.0007214270616152105
2014-09-23,-0.004008587292287319
2014-09-24,0.004807006446764795
2014-09-25,0.0033614043137252664
2014-09-26,0.005321913769470662
2014-09-29,0.006289973517065107
2014-09-30,-0.0017591949273427334
2014-10-01,-4.9112183841003645e-05
2014-10-02,-0.0013355324139956966
2014-10-03,0.003719085460113572
2014-10-06,0.005478357906404485
2014-10-07,-0.009382499766661907
2014-10-08,-0.0015834535671009294
2014-10-09,-0.007292688507221397
2014-10-10,-3.794163517196504e-05
2014-10-13,-0.0008923292127791648
2014-10-14,-0.005155987330757672
2014-10-15,0.004076415346279425
2014-10-16,-0.00794937698433144
2014-10-17,0.006439669412486488
2014-10-20,0.014955149915490162
2014-10-21,0.0030421404254202256
2014-10-22,0.005533917937112612
2014-10-23,0.007733643967307502
2014-10-24,-0.001631409742219982
2014-10-27,-0.001083242696837755
2014-10-28,0.0024324466316052503
2014-10-29,0.0017100691119511409
2014-10-30,0.012722337586561345
2014-10-31,0.009179774575349235
2014-11-03,0.009914256436284455
2014-11-04,-0.000489233806944914
2014-11-05,-0.0027013208528415267
2014-11-06,0.01271352502346929
2014-11-07,0.006365250489845443
2014-11-10,0.0015588918575600574
2014-11-11,-0.0059188460719799985
2014-11-12,0.0005913794305318718
2014-11-13,0.0020626892152727293
2014-11-14,-0.00552129124788889
2014-11-17,-0.0020190107325910424
2014-11-18,0.0049139927206818725
2014-11-19,-0.008399508778300877
2014-11-20,0.0028446422435027697
2014-11-21,0.005702962920821342
2014-11-24,0.015041307827349866
2014-11-25,-0.002214092138516699
2014-11-26,-0.002513439168443963
2014-11-27,0.0004136075163648006
2014-11-28,0.0037793985988883155
2014-12-01,-0.006994405699110877
2014-12-02,0.006862555791519459
2014-12-03,0.006849464553497013
2014-12-04,0.004450284659169306
2014-12-05,-0.0024654761453217016
2014-12-08,0.003187058681352809
2014-12-09,-0.0005924768604869748
2014-12-10,-0.008722326057609045
2014-12-11,-0.018165099879184222
2014-12-12,-0.001080524879105007
2014-12-15,-0.00477189253892806
2014-12-16,-0.002119625176629927
2014-12-17,-0.0015982689790084137
2014-12-18,0.01099506458134784
2014-12-19,0.012468867113030106
2014-12-22,0.0061511149177877564
2014-12-23,0.004332465434537876
2014-12-24,0.0022703942855581425
2014-12-26,-0.002886108063246863
2014-12-29,0.0019086971396158256
2014-12-30,0.0016368098465896282
2014-12-31,-0.000122716904266207
2015-01-02,0.002395452243907678
2015-01-05,-4.077658547966059e-06
2015-01-06,-0.0033390890207402025
2015-01-07,0.003873301425339732
2015-01-08,0.004678863292811085
2015-01-09,0.004565075599813083
2015-01-12,-0.005389687280039573
2015-01-13,0.0011977075054180955
2015-01-14,0.002137805123672385
2015-01-15,0.01662715182965735
2015-01-16,0.01077075804432608
2015-01-19,0.002867347576895286
2015-01-20,-0.0037083137067204014
2015-01-21,0.0003172632793386394
2015-01-22,0.0019393690405536228
2015-01-23,0.029157435857006607
2015-01-26,0.010743666440215374
2015-01-27,-0.008155318155163844
2015-01-28,0.004560770381687876
2015-01-29,-0.0008460947246090034
2015-01-30,-0.008030191416221273
2015-02-02,-0.0022033044946182887
2015-02-03,-0.0035053952032787668
2015-02-04,0.004973276923543881
2015-02-05,0.009011022565153792
2015-02-06,-0.006943922791426123
2015-02-09,-0.0011748125379522616
2015-02-10,0.004321112017875313
2015-02-11,0.001693680723674781
2015-02-12,0.008041513834388907
2015-02-13,-0.005957023700001974
2015-02-16,-0.004657914497324912
2015-02-17,0.013508706251973038
2015-02-18,0.00016609928965773645
2015-02-19,0.002639449537422868
2015-02-20,0.0006886017479988098
2015-02-23,0.0033206982167542374
2015-02-24,0.002225881322920178
2015-02-25,0.005475928734702467
2015-02-26,-0.000736527457132352
2015-02-27,0.010883764796216968
2015-03-02,-0.0013352217164587488
2015-03-03,-0.002687549460546876
2015-03-04,0.0030498617828730703
2015-03-05,0.005813672224819116
2015-03-06,-0.0006667892748085857
2015-03-09,0.007896254395093288
2015-03-10,0.007677914517232968
2015-03-11,0.011464704971634912
2015-03-12,0.01206072424059626
2015-03-13,-0.005088166141755785
2015-03-16,0.015322467541534237
2015-03-17,-0.006111493285767459
2015-03-18,-0.0022842929008139124
2015-03-19,-0.007848394515821278
2015-03-20,0.012777829533195735
2015-03-23,0.0095426401918592
2015-03-24,0.002797019728130738
2015-03-25,0.008543263893149251
2015-03-26,-0.0014846122273549289
2015-03-27,0.004663119572487138
2015-03-30,0.0031544805542846536
2015-03-31,0.009812921564141205
2015-04-01,0.016015236460024406
2015-04-02,0.0005782828088751801
2015-04-06,-0.006690718239757743
2015-04-07,0.003336943853825499
2015-04-08,-0.001770910860633693
2015-04-09,0.0026511500520994386
2015-04-10,0.016706714693136233
2015-04-13,0.0023894316617329133
2015-04-14,-0.007623606119204589
2015-04-15,-0.01417607089178885
2015-04-16,-0.003283560750831977
2015-04-17,0.0010150366307665202
2015-04-20,-0.003427142774269613
2015-04-21,-0.0068223929098205965
2015-04-22,-0.004149093656082906
2015-04-23,-0.0025793889773213976
2015-04-24,-0.008004034618756874
2015-04-27,0.016357403454861308
2015-04-28,-0.008209574571354548
2015-04-29,-0.014124880598539814
2015-04-30,0.002956975138316259
2015-05-01,-0.0022088647995809133
2015-05-04,-0.0015537836073851417
2015-05-05,-0.0017199656238428554
2015-05-06,-0.0017143824345492548
2015-05-07,-0.009675564112991938
2015-05-08,0.006949431665470388
2015-05-11,0.001676002086604031
2015-05-12,0.006352326837450195
2015-05-13,-0.004635730778864878
2015-05-14,0.004019344287945863
2015-05-15,-0.0025698267320488754
2015-05-18,-0.0019963920605523084
2015-05-19,0.011414425572841282
2015-05-20,0.009916462413903659
2015-05-21,0.005098721016780344
2015-05-22,-0.0005115280748728423
2015-05-25,-0.000431267827376296
2015-05-26,0.006812986478461485
2015-05-27,0.008314760870733073
2015-05-28,0.0039061176165530232
2015-05-29,-0.005985698090891767
2015-06-01,0.005232032939164724
2015-06-02,-0.0002213250864535647
2015-06-03,-0.028688478124725157
2015-06-04,-0.005759828473402667
2015-06-05,-0.005109828239334661
2015-06-08,0.0038515524559701282
2015-06-09,-0.010348750653690264
2015-06-10,-0.008287074505325046
2015-06-11,0.0016990521808665365
2015-06-12,0.0034426029438318897
2015-06-15,-0.009559169151364035
2015-06-16,0.00025392838723024673
2015-06-17,0.0010992130401627277
2015-06-18,-0.0047501236180698255
2015-06-19,-0.002181504998648496
2015-06-22,0.014423994497996275
2015-06-23,0.007099199786175704
2015-06-24,0.002083369942378886
2015-06-25,-0.007770161623226369
2015-06-26,0.004410917594964753
2015-06-29,-0.0028241060113992026
2015-06-30,-0.031576020758461144
2015-07-01,0.012330549181270398
2015-07-02,-0.001437472440696168
2015-07-03,-0.0013655032548221197
2015-07-06,-0.004004313270377829
2015-07-07,-0.017714167063002398
2015-07-08,0.0031445544422220523
2015-07-09,0.012127669919234942
2015-07-10,0.020197122636727634
2015-07-13,0.014821954711756943
2015-07-14,0.0022628143413222467
2015-07-15,-0.001233316388790915
2015-07-16,0.008623754245583232
2015-07-17,0.003448375099959609
2015-07-20,-0.004634394046538116
2015-07-21,-0.000664243681539803
2015-07-22,-0.005215308855210601
2015-07-23,0.0028212167188243417
2015-07-24,-0.002147885477927436
2015-07-27,-0.011238146531606322
2015-07-28,-0.0062200886778173954
2015-07-29,0.004884823377594243
2015-07-30,0.001980658038270387
2015-07-31,0.0031754981356682775
2015-08-03,0.010110256070170121
2015-08-04,-0.0018620877470051922
2015-08-05,-6.7034568321737e-05
2015-08-06,0.005087882799987771
2015-08-07,-0.004970572785778208
2015-08-10,0.0034930892565872116
2015-08-11,-0.013131889018367692
2015-08-12,-0.022789455929733287
2015-08-13,0.0004750335065187147
2015-08-14,-0.003400793610459521
2015-08-17,0.004001932516336634
2015-08-18,-0.0012425798943771686
2015-08-19,-0.00020548555387624743
2015-08-20,-0.019645555387603937
2015-08-21,-0.015558473695356782
2015-08-24,-0.024457056531217207
2015-08-25,0.019295404822499307
2015-08-26,-0.007348588382774987
2015-08-27,0.022663050261039895
2015-08-28,0.00048650881550799173
2015-08-31,0.002591706238581753
2015-09-01,-0.015319382386686701
2015-09-02,-0.006664605667800019
2015-09-03,0.012912109369889117
2015-09-04,-0.014627358918172448
2015-09-07,0.004097310278032117
2015-09-08,0.002671063326580499
2015-09-09,0.007012066686477951
2015-09-10,-0.006767286464432501
2015-09-11,-0.01303826611399486
2015-09-14,-0.0033100029488558223
2015-09-15,0.002932228619391058
2015-09-16,0.0029522786248624877
2015-09-17,0.018363960829652293
2015-09-18,-0.004414677452285788
2015-09-21,0.004189812846841108
2015-09-22,-0.021166146784481983
2015-09-23,-0.008400080427759573
2015-09-24,-0.021300722349239232
2015-09-25,0.028153814733865343
2015-09-28,-0.009364162009401166
2015-09-29,-0.017982254111247018
2015-09-30,0.019608468866619183
2015-10-01,0.0029055366978870175
2015-10-02,-0.0014159066646296115
2015-10-05,0.02382725743830665
2015-10-06,0.003060010231135304
2015-10-07,-0.004394653091421901
2015-10-08,0.015149483843375791
2015-10-09,-0.020203935470413655
2015-10-12,-0.0002399883993289467
2015-10-13,-0.0019678542653169618
2015-10-14,-0.009358400759852167
2015-10-15,0.01229838714481258
2015-10-16,0.004414906766108792
2015-10-19,0.0008494254464614052
2015-10-20,0.0021466817824048368
2015-10-21,-0.011609696200480135
2015-10-22,0.009268448130025165
2015-10-23,0.014834034126963819
2015-10-26,0.009807827879540322
2015-10-27,-0.0037913871890648144
2015-10-28,-0.001474887042365593
2015-10-29,0.005333384269422286
2015-10-30,-0.0016173602025501314
2015-11-02,-0.00415082938154589
2015-11-03,-0.0036130659559418894
2015-11-04,-0.0022992308768811785
2015-11-05,0.007083926897321947
2015-11-06,-0.002761674939732118
2015-11-09,-0.021209147347432705
2015-11-10,0.004554524206703561
2015-11-11,0.004793648574642647
2015-11-12,-0.003498565625273497
2015-11-13,-0.004595597762189967
2015-11-16,0.008940695109890696
2015-11-17,0.03043352524774054
2015-11-18,-0.0004585886946154085
2015-11-19,0.0061922427050134145
2015-11-20,0.00927957495467239
2015-11-23,0.0032749720476691674
2015-11-24,-0.023703723584350484
2015-11-25,0.011659648230409667
2015-11-26,0.009469949993908447
2015-11-27,0.0020142886902947727
2015-11-30,0.010621488225542692
2015-12-01,-0.004446953898015901
2015-12-02,-0.0066145752919259905
2015-12-03,-0.017832270427143915
2015-12-04,0.002513838586316571
2015-12-07,0.014126653810757457
2015-12-08,-0.004491018169037162
2015-12-09,-0.0026514491532839283
2015-12-10,0.0026990489014379363
2015-12-11,-0.014938368607727043
2015-12-14,-0.006106041294477534
2015-12-15,0.010929459853072424
2015-12-16,0.01025052802545462
2015-12-17,0.00824136691214189
2015-12-18,-0.0036865209076652507
2015-12-21,-0.025554385743606734
2015-12-22,-0.0024204935296792754
2015-12-23,0.006120047428339525
2015-12-24,0.0022365662465024467
2015-12-25,-0.004190726355214534
2015-12-28,-0.0008598775177957784
2015-12-29,0.003756277657027731
2015-12-30,-0.000745995929716877
2015-12-31,-0.008089525700307333
2016-01-04,0.0021431805106447172
2016-01-05,0.004197026988089194
2016-01-06,0.003605779767097257
2016-01-07,-0.0041205612457732715
2016-01-08,-0.009842137781578324
2016-01-11,0.002390169418392505
2016-01-12,0.010583857957771099
2016-01-13,-0.006850147358218252
2016-01-14,-0.012165174187505713
2016-01-15,-0.009457639438618898
2016-01-18,-0.00271448358658599
2016-01-19,0.014318512362501904
2016-01-20,-0.019387477948697523
2016-01-21,0.011723265472381368
2016-01-22,0.0012300749349808638
2016-01-25,0.01160904315782429
2016-01-26,0.0007696924272672114
2016-01-27,0.007617791106209131
2016-01-28,-0.009469160943879264
2016-01-29,0.006907103288471736
2016-02-01,0.01744282911437598
2016-02-02,-0.0018025760521691303
2016-02-03,-0.014319156495080832
2016-02-04,-0.004961542929036766
2016-02-05,-0.00971169046039499
2016-02-08,-0.014564204578198006
2016-02-09,-0.00033445245130643065
2016-02-10,0.01039862888503958
2016-02-11,-0.0047362204110851566
2016-02-12,0.008470338799403534
2016-02-15,0.014155469353853
2016-02-16,-0.0002475396056509623
2016-02-17,0.011073776473360471
2016-02-18,-0.001226158223188608
2016-02-19,0.004996919212605835
2016-02-22,0.007110760839006518
2016-02-23,0.002337287943888944
2016-02-24,-0.004908090094097994
2016-02-25,0.008487806040947758
2016-02-26,-0.010535131988162447
2016-02-29,0.00614929373314182
2016-03-01,0.011256575906427294
2016-03-02,-0.0021951125814672085
2016-03-03,-0.006195616821955428
2016-03-04,-0.005496104694650714
2016-03-07,-0.004617163029709119
2016-03-08,-0.006909297975580157
2016-03-09,0.0073781940306407
2016-03-10,0.013156762653575228
2016-03-11,0.008799739412920289
2016-03-14,0.0008380120474477807
2016-03-15,-0.00840612832077144
2016-03-16,-0.0002493223384811883
2016-03-17,0.012109549825274266
2016-03-18,-0.003748089579965942
2016-03-21,0.004374671798800583
2016-03-22,-0.006247348356197273
2016-03-23,0.030224538107897457
2016-03-24,-0.014620758731774496
2016-03-28,0.0005003759026036914
2016-03-29,-5.3126659583712104e-05
2016-03-30,0.003904241055149484
2016-03-31,-0.007689472391471205
2016-04-01,-0.0008621044308822977
2016-04-04,0.008545696028141633
2016-04-05,-0.011423074881709332
2016-04-06,0.003896542266865334
2016-04-07,0.013632977475070656
2016-04-08,-0.00028187740097528405
2016-04-11,-0.0054226041788317915
2016-04-12,0.01015998702362379
2016-04-13,0.02313326734113993
2016-04-14,-0.0039610701655828405
2016-04-15,-0.009378103905899623
2016-04-18,0.0020579038002917667
2016-04-19,0.021781266811881347
2016-04-20,-0.009247537353170803
2016-04-21,-0.010902184621900377
2016-04-22,0.0066043407513013234
2016-04-25,0.00014729868472743862
2016-04-26,-0.0026792393375913836
2016-04-27,0.010957167738411032
2016-04-28,0.020235373318851942
2016-04-29,-0.01420065989932465
2016-05-02,0.02126428655801485
2016-05-03,-0.013785570354156325
2016-05-04,0.008805541982892068
2016-05-05,0.009694313847230723
2016-05-06,-0.005854474555822862
2016-05-09,-0.0009544619371912712
2016-05-10,0.0029424459268464534
2016-05-11,-0.008497456990299024
2016-05-12,0.005369535278059796
2016-05-13,-0.02673828736258783
2016-05-16,0.006140415187679023
2016-05-17,0.0025450063236914615
2016-05-18,0.0065477914734783016
2016-05-19,-0.027107710287920903
2016-05-20,-0.0015051032675268987
2016-05-23,-0.0052353553506283
2016-05-24,0.016420930451410225
2016-05-25,-0.01730095874418917
2016-05-26,0.006044084959770623
2016-05-27,0.0012292841502268758
2016-05-30,-0.0028537945823343437
2016-05-31,0.008427385789250551
2016-06-01,-0.0008299082343892893
2016-06-02,-0.002522136372667089
2016-06-03,0.0010729113392444675
2016-06-06,-0.00025508981162546563
2016-06-07,0.019896619614026015
2016-06-08,-0.004170364987398988
2016-06-09,0.011664491826929954
2016-06-10,-0.012379576386945406
2016-06-13,0.003366876082121729
2016-06-14,-0.028013795225115955
2016-06-15,0.007753771883255779
2016-06-16,-0.006531714137388861
2016-06-17,0.005827181501783466
2016-06-20,0.013791525301828336
2016-06-21,-0.0027831345390697676
2016-06-22,0.00032157526881626053
2016-06-23,0.00535121161420552
2016-06-24,-0.05910597472212781
2016-06-27,-0.0039299657155202825
2016-06-28,0.04027713717767096
2016-06-29,0.03169701550131887
2016-06-30,-0.0008872200789517577
2016-07-01,0.005031867420241264
2016-07-04,-0.007131645456962196
2016-07-05,-0.0012182554882153229
2016-07-06,0.0004798517874843595
2016-07-07,0.01002723311860265
2016-07-08,0.022380087312787476
2016-07-11,0.013447261251834656
2016-07-12,-0.006878137513802856
2016-07-13,-0.0021034707058379693
2016-07-14,-0.00017933524232379306
2016-07-15,0.0010813679586438008
2016-07-18,0.007160025079332696
2016-07-19,0.00718614458767718
2016-07-20,0.013092188241397625
2016-07-21,-0.004844749025609114
2016-07-22,0.0022829896575747148
2016-07-25,-0.004129257166679171
2016-07-26,0.0023909852281530425
2016-07-27,-0.0027403832877054657
2016-07-28,-0.005660773169160017
2016-07-29,0.012728117156616287
2016-08-01,-0.002261236712016659
2016-08-02,-0.011521889744315929
2016-08-03,-0.0064367013379204845
2016-08-04,0.0067479381155081735
2016-08-05,0.009739984513170808
2016-08-08,-0.005177242119842649
2016-08-09,0.005713383625521745
2016-08-10,-0.00408617428037847
2016-08-11,0.004102760056568807
2016-08-12,0.0011139229428945307
2016-08-15,0.0014719471663886849
2016-08-16,-0.018653381782681246
2016-08-17,-0.010648901194875228
2016-08-18,0.005026048349598592
2016-08-19,0.0014251526660756112
2016-08-22,0.0036674201215235063
2016-08-23,-0.0008693605668255609
2016-08-24,-0.005370466187641398
2016-08-25,-0.0005666137767771091
2016-08-26,-0.006905078130504119
2016-08-29,0.004522738159330689
2016-08-30,0.00021010140142216306
2016-08-31,-0.006903273837304408
2016-09-01,0.003264107259575765
2016-09-02,0.010921237457617874
2016-09-05,0.003945404134772436
2016-09-06,0.0034175586813338906
2016-09-07,0.0006364566907761083
2016-09-08,0.0036405247829643444
2016-09-09,-0.02650938665846187
2016-09-12,0.007592450887466588
2016-09-13,0.004536119477469101
2016-09-14,-0.009132152773360522
2016-09-15,-0.004672649168302349
2016-09-16,0.0014525403520843974
2016-09-19,0.003641132021575843
2016-09-20,0.0003582981674118133
2016-09-21,-0.0016678332654746506
2016-09-22,-0.0017868242094659205
2016-09-23,0.0007316442590160532
2016-09-26,0.0053086507108460745
2016-09-27,-0.0031226163886355915
2016-09-28,0.003422168713309626
2016-09-29,-0.003065360048950141
2016-09-30,0.0021710611235544785
2016-10-03,-0.00019642162439707225
2016-10-04,0.0034084339111546086
2016-10-05,-0.006775474289985968
2016-10-06,-0.0003125690685180394
2016-10-07,0.005380873521411464
2016-10-10,-0.0011609195731034664
2016-10-11,0.00253082950825264
2016-10-12,-0.0031147025116697313
2016-10-13,0.000809974082328537
2016-10-14,-0.0005776269337188704
2016-10-17,0.003711361524861931
2016-10-18,-0.007030091750608116
2016-10-19,0.0002299012660826787
2016-10-20,0.008224446929701366
2016-10-21,-0.00021849942717347
2016-10-24,0.0013707600645065045
2016-10-25,0.0009929055343821823
2016-10-26,0.002127994150189335
2016-10-27,0.001177755396496108
2016-10-28,0.0017186023439704334
2016-10-31,-0.001959374336067874
2016-11-01,-0.00033548826778053516
2016-11-02,-0.003264824621423088
2016-11-03,0.002865663169364173
2016-11-04,-0.0025747913906363144
2016-11-07,-0.006393937676757845
2016-11-08,0.014864797589627943
2016-11-09,-0.01131431956535317
2016-11-10,-0.004310838021172646
2016-11-11,0.006358834231396917
2016-11-14,-0.0024345262808767596
2016-11-15,0.014578642110263848
2016-11-16,-0.0010227232021489427
2016-11-17,0.003972647475944375
2016-11-18,0.0031884244448828125
2016-11-21,0.0007590611151989923
2016-11-22,-0.004951727078614631
2016-11-23,-0.002068443409953773
2016-11-24,0.005101442277049932
2016-11-25,-0.0010626935272744532
2016-11-28,-0.0021425354711105188
2016-11-29,0.0026440270791544002
2016-11-30,0.0002779073283488303
2016-12-01,-0.0002776178773344312
2016-12-02,-0.0027586532878451165
2016-12-05,0.0006659764854438834
2016-12-06,-0.010631805194494158
2016-12-07,-0.0023691933902881997
2016-12-08,-0.005247500357708054
2016-12-09,0.016906086094277545
2016-12-12,-0.00220766714318775
2016-12-13,-0.005017862050055985
2016-12-14,-0.00044152768986568426
2016-12-15,0.00973706123310515
2016-12-16,0.010985861602519298
2016-12-19,-0.001522481277083474
2016-12-20,0.0036025045814114644
2016-12-21,0.0015103310444447167
2016-12-22,-0.0011549088707290326
2016-12-23,0.0005704925947151126
2016-12-26,-0.0032861406173134867
2016-12-27,-0.00017342311505010667
2016-12-28,0.0024160863100342253
2016-12-29,0.0014333876122726696
2016-12-30,-0.009069220540430845
2017-01-02,0.007464114355088074
2017-01-03,0.005019492093601716
2017-01-04,-0.004631076915609225
2017-01-05,-0.00842964175917403
2017-01-06,-0.0007532120452118337
2017-01-09,-3.3807701477944156e-05
2017-01-10,-0.003494015363902865
2017-01-11,0.004930804561379618
2017-01-12,-0.007154006034226666
2017-01-13,0.0014079024572627862
2017-01-16,-0.0008908021550243595
2017-01-17,-0.00025143908807726033
2017-01-18,-0.009704152609804935
2017-01-19,0.00982689292210434
2017-01-20,-0.004850419580916804
2017-01-23,-0.0042622445526885565
2017-01-24,0.0007468609248707304
2017-01-25,0.004039373327293581
2017-01-26,0.0010416006421726963
2017-01-27,0.0012068313621226771
2017-01-30,-0.004752835368317094
2017-01-31,-0.005242107304781229
2017-02-01,-0.008368511650639232
2017-02-02,0.009863864745811211
2017-02-03,-0.003186076238203688
2017-02-06,-0.00588057292896333
2017-02-07,-0.003646644907976307
2017-02-08,0.00039807936372348836
2017-02-09,-0.0011946232603679296
2017-02-10,0.005638962760998743
2017-02-13,0.001059728500887144
2017-02-14,-0.00047870105810400685
2017-02-15,-0.0003455191285245469
2017-02-16,-0.0014467932910477942
2017-02-17,-0.007449525287700721
2017-02-20,0.005180049195411644
2017-02-21,0.005292996920536383
2017-02-22,0.006878042307143144
2017-02-23,0.0008567246129687787
2017-02-24,-0.00554706621539124
2017-02-27,0.0014309452180166831
2017-02-28,-0.002330186475004689
2017-03-01,0.008524318736321623
2017-03-02,0.006254268847547329
2017-03-03,0.002888573206911825
2017-03-06,-0.005648237202710209
2017-03-07,0.0028203074860576396
2017-03-08,-0.0018697231683645673
2017-03-09,0.004605504295307858
2017-03-10,-0.0031721547114686075
2017-03-13,-0.001982663998622846
2017-03-14,0.004509199658533961
2017-03-15,0.0032700809553809916
2017-03-16,0.0038068626953028737
2017-03-17,0.0012089629839646913
2017-03-20,-0.0006983884643729018
2017-03-21,-0.006404010755826726
2017-03-22,0.00010167014992695789
2017-03-23,0.0022232960046299185
2017-03-24,0.004743552610451914
2017-03-27,-0.0007848258573697499
2017-03-28,-0.0023583195559496156
2017-03-29,0.0023999524514982033
2017-03-30,0.0019238652406465616
2017-03-31,0.007916045586434148
2017-04-03,0.0020289064159456946
2017-04-04,0.0017389106853800775
2017-04-05,-0.0003165611653179754
2017-04-06,0.004391716201750347
2017-04-07,0.00462631596568762
2017-04-10,0.004526951732141908
2017-04-11,-0.0008019042046022389
2017-04-12,0.004944447487818588
2017-04-13,0.0012479640218012603
2017-04-17,-0.002820125459974393
2017-04-18,0.001343773020883931
2017-04-19,-0.0022724576917463714
2017-04-20,-4.880708243470066e-05
2017-04-21,0.0008925446393371904
2017-04-24,0.006603790917827196
2017-04-25,-0.01300763156435298
2017-04-26,-0.0019740236836096737
2017-04-27,0.009690083831906776
2017-04-28,-0.0018974463547692753
2017-05-01,0.00440024463191312
2017-05-02,0.0008967956747014246
2017-05-03,0.0029080007051690056
2017-05-04,0.0087780221766818
2017-05-05,-0.0014522381533239657
2017-05-08,-0.0031222134464521196
2017-05-09,5.8152525919987906e-05
2017-05-10,-0.0006737148616434975
2017-05-11,0.004839440340821281
2017-05-12,0.004741663220319447
2017-05-15,-0.0006670703490564512
2017-05-16,-0.005523506819482052
2017-05-17,-0.012691930936867614
2017-05-18,-0.004636327162279089
2017-05-19,0.0068806935560889685
2017-05-22,0.002231640277223692
2017-05-23,-0.002743941110598954
2017-05-24,0.0015499223219182716
2017-05-25,0.002961956391924052
2017-05-26,-0.0015117429146257948
2017-05-29,-0.0008208525113995146
2017-05-30,0.007336925391444322
2017-05-31,0.0007571116075440313
2017-06-01,0.005098196961106593
2017-06-02,0.009481240694901796
2017-06-05,-0.002413739953435631
2017-06-06,-0.00017401043140914706
2017-06-07,0.002736511607314924
2017-06-08,-0.005474541017649682
2017-06-09,0.0021945544132899114
2017-06-12,-0.009194067249773941
2017-06-13,0.002701920516880425
2017-06-14,0.004853419769602689
2017-06-15,-0.015268848951361724
2017-06-16,0.006776735410879278
2017-06-19,0.011921942923580005
2017-06-20,-0.0019370532782326155
2017-06-21,-0.015328843786892761
2017-06-22,-0.010037827524935612
2017-06-23,-0.0020063674010666614
2017-06-26,0.004404700055049584
2017-06-27,-0.006944215856156567
2017-06-28,-0.0017918590431449549
2017-06-29,-0.01044673484337459
2017-06-30,0.0020796084912912596
2017-07-03,0.0012095896269100188
2017-07-04,0.003158340505486786
2017-07-05,-0.00028512104455318855
2017-07-06,-0.0036787424080153832
2017-07-07,-0.00026043452728117953
2017-07-10,0.00834630192781988
2017-07-11,-0.005162928237225766
2017-07-12,0.009698066770207469
2017-07-13,0.002468337374195797
2017-07-14,0.006790940565754259
2017-07-17,-0.0026567205559939228
2017-07-18,-0.012925734588960878
2017-07-19,0.0049149254296879195
2017-07-20,-0.006752918743056994
2017-07-21,-0.0070780941282182
2017-07-24,-0.00839578106438744
2017-07-25,0.0018484201458428993
2017-07-26,0.0033965836019479315
2017-07-27,0.0023665481968222304
2017-07-28,-0.0075491749542914155
2017-07-31,0.006442379434889987
2017-08-01,0.004364302550103672
2017-08-02,0.004311455856977956
2017-08-03,0.00409979322104803
2017-08-04,-0.001387697129615273
2017-08-07,0.008684826152578247
2017-08-08,-0.0035149419288788004
2017-08-09,-0.006511291017169492
2017-08-10,-0.008380613680062887
2017-08-11,-0.007650693697038214
2017-08-14,0.004781009730735275
2017-08-15,0.00023001150175511816
2017-08-16,-0.0005812892545396181
2017-08-17,-0.0018107539762681004
2017-08-18,-0.00625450760184058
2017-08-21,0.0020339493561774623
2017-08-22,-0.0009298652648741872
2017-08-23,-0.003939687927398538
2017-08-24,0.0020187464243066606
2017-08-25,-0.0008948764608502929
2017-08-28,-0.008171459428790504
2017-08-29,-0.001163302791445816
2017-08-30,0.005512343648618553
2017-08-31,-0.0004874864622745308
2017-09-01,-0.00018956522011858736
2017-09-04,-0.006568863571086009
2017-09-05,-0.00429716783093362
2017-09-06,-0.008329218354347755
2017-09-07,0.007106580686441893
2017-09-08,-0.010836298114051315
2017-09-11,0.01634862374912024
2017-09-12,0.0028568566202836114
2017-09-13,-0.0035324741445182427
2017-09-14,-0.006512227291340173
2017-09-15,0.0009477690111234917
2017-09-18,0.003831136557610057
2017-09-19,-0.005337356955987126
2017-09-20,-0.0033514791912662924
2017-09-21,0.004304130860717808
2017-09-22,0.002398744775583355
2017-09-25,-0.007233096726934169
2017-09-26,0.0014058401371406604
2017-09-27,0.006800901006851385
2017-09-28,-0.0005275929015068456
2017-09-29,0.012175328760408385
2017-10-02,0.002194882248359753
2017-10-03,0.012222404151332248
2017-10-04,-0.00663459809100612
2017-10-05,0.003190182962212875
2017-10-06,-0.007047917391895912
2017-10-09,0.0046773087815232366
2017-10-10,0.005625299896014866
2017-10-11,0.008231873899334066
2017-10-12,-0.0014793590437387927
2017-10-13,-0.0018714033110501938
2017-10-16,-0.0033101395567712456
2017-10-17,-0.0031916751524579
2017-10-18,0.004032199806769811
2017-10-19,-0.0032825730440764578
2017-10-20,0.006908157095830921
2017-10-23,-8.398528954333458e-05
2017-10-24,0.006497983641304388
2017-10-25,0.025156421557080796
2017-10-26,0.006192978835278031
2017-10-27,0.0017219554739475206
2017-10-30,0.004997786796861504
2017-10-31,-0.005327572491564484
2017-11-01,0.006725691011700226
2017-11-02,0.0008210888846266625
2017-11-03,0.000591772691940177
2017-11-06,-0.0019208080689968898
2017-11-07,-0.004388054733114905
2017-11-08,0.0032327229225257974
2017-11-09,-0.010865491424850313
2017-11-10,-0.007700520177524042
2017-11-13,-0.006061621204269907
2017-11-14,-0.005863355682805033
2017-11-15,-0.00879195441918031
2017-11-16,0.005101489266629307
2017-11-17,0.0006196704694379246
2017-11-20,0.00885944247089499
2017-11-21,0.0033399706599915933
2017-11-22,-0.0054636415125203334
2017-11-23,0.0012232101861625827
2017-11-24,-0.0006012699354806089
2017-11-27,-0.012261106340801577
2017-11-28,-0.011231098424302869
2017-11-29,0.0075513937982290506
2017-11-30,0.004938656677440093
2017-12-01,-0.004699965032543787
2017-12-04,0.007554664980748658
2017-12-05,0.003753413412515124
2017-12-06,0.0007344474340482527
2017-12-07,0.0044711980507722805
2017-12-08,0.004021983441995741
2017-12-11,8.567460669422621e-05
2017-12-12,0.004536022876588129
2017-12-13,0.009090390826771773
2017-12-14,-0.003583686920738079
2017-12-15,-0.004487201583287126
2017-12-18,0.011269901503348745
2017-12-19,0.001381015319241069
2017-12-20,-0.004405766295546531
2017-12-21,0.0030838732307202363
2017-12-22,-0.001527325808498978
2017-12-25,0.004149181227451933
2017-12-26,-0.0002114152383766091
2017-12-27,0.0001359366192341227
2017-12-28,-0.0011265856119122522
2017-12-29,-0.0024669804530143605
2018-01-02,-0.004677787589376287
2018-01-03,0.010224073757158473
2018-01-04,0.011497667551425696
2018-01-05,0.005451388856337505
2018-01-08,-0.0005039578800349452
2018-01-09,0.0034329901701070937
2018-01-10,0.001343468413608073
2018-01-11,-0.008444876896250092
2018-01-12,-0.004300325586096356
2018-01-15,-0.005374741278829792
2018-01-16,0.004147018341763645
2018-01-17,0.004526639956480678
2018-01-18,-0.00010354614196990538
2018-01-19,0.0007901466833956433
2018-01-22,0.0032116581675533554
2018-01-23,0.0024302876466286987
2018-01-24,-0.005501628987717954
2018-01-25,-0.007600042818165468
2018-01-26,0.0016209753750595886
2018-01-29,-0.005041488796725139
2018-01-30,-0.0033026467117418454
2018-01-31,0.0035440936426025336
2018-02-01,-0.0024668672494894215
2018-02-02,-0.010054176074793844
2018-02-05,-0.010691301333407743
2018-02-06,-0.0245165030983877
2018-02-07,0.01635524301902954
2018-02-08,-0.018017811628215696
2018-02-09,-0.003451459647622554
2018-02-12,0.009343488558061474
2018-02-13,-0.0018883482654079452
2018-02-14,0.0028757371142909753
2018-02-15,0.004500559911675389
2018-02-16,0.005252602068733969
2018-02-19,0.0003183158481543828
2018-02-20,0.0067328242312450414
2018-02-21,0.0035760459467549435
2018-02-22,0.0020457936249935337
2018-02-23,-0.00022373788294283723
2018-02-26,0.005993517928315813
2018-02-27,0.000715184305729919
2018-02-28,-0.003751922264823397
2018-03-01,-0.011217098845008254
2018-03-02,-0.015286256048242141
2018-03-05,0.004729913434044758
2018-03-06,0.0018116034101681934
2018-03-07,0.00344557600618107
2018-03-08,0.008338330792204848
2018-03-09,0.008242022115802005
2018-03-12,0.0004689223303766521
2018-03-13,-0.015369489888768602
2018-03-14,-0.006376451479654162
2018-03-15,0.008829436151072649
2018-03-16,0.009911161507806
2018-03-19,0.0022022948352578755
2018-03-20,-0.005413504420458204
2018-03-21,0.009958272147691785
2018-03-22,0.02182010966521044
2018-03-23,0.0055330340649804985
2018-03-26,0.000611723749181801
2018-03-27,0.008812048946361112
2018-03-28,0.0055573260710631575
2018-03-29,-0.009551505396356795
2018-04-02,0.0031638640233828384
2018-04-03,-0.0005585405407180345
2018-04-04,0.011458359687111948
2018-04-05,0.0018631362544975281
2018-04-06,0.0031845054810322993
2018-04-09,0.01137973564047261
2018-04-10,-0.0061098894975407094
2018-04-11,-0.0020524556008816404
2018-04-12,0.003479356780557565
2018-04-13,0.009855864943962032
2018-04-16,0.009993093263955746
2018-04-17,-0.0012845050923983158
2018-04-18,0.0009180803804286711
2018-04-19,-0.00489210655027299
2018-04-20,0.0029915475725682157
2018-04-23,-0.0025383874071547145
2018-04-24,-0.002914077415472765
2018-04-25,-0.013013238248040772
2018-04-26,-0.0008810724798686972
2018-04-27,0.011319634946741017
2018-04-30,0.0029124974872479312
2018-05-01,-0.0045054201994337165
2018-05-02,0.002829200521494717
2018-05-03,0.005303943587957303
2018-05-04,-0.005801700650434478
2018-05-07,0.003778072436554046
2018-05-08,0.003340747180707669
2018-05-09,0.007266284230010786
2018-05-10,0.00807811619223927
2018-05-11,-0.001573668434541656
2018-05-14,-0.0013037672936554545
2018-05-15,-0.0032962693920175075
2018-05-16,-0.000943486266775587
2018-05-17,0.0010436428568062757
2018-05-18,0.017711112060351846
2018-05-21,0.00664657851829349
2018-05-22,0.007735234612495305
2018-05-23,-0.005103845557081458
2018-05-24,-0.00014502898808802932
2018-05-25,0.0020824828704040094
2018-05-28,0.0032302363489747367
2018-05-29,-0.0072391404508917925
2018-05-30,-0.004985876353508294
2018-05-31,-0.013351945084720911
2018-06-01,-0.00027221909159068727
2018-06-04,-0.007619830930379722
2018-06-05,-0.010869505245373995
2018-06-06,-0.0021633119441879026
2018-06-07,-0.016133236545512707
2018-06-08,-0.017661169806576282
2018-06-11,0.0008955665729229129
2018-06-12,-0.0037861170348705035
2018-06-13,0.006599696419034504
2018-06-14,-0.0032557513113055632
2018-06-15,0.012109730165720213
2018-06-18,-0.0028712536090592963
2018-06-19,-0.006847325537874129
2018-06-20,-0.004115009463662724
2018-06-21,-0.0009120889137900389
2018-06-22,0.0017581443126022348
2018-06-25,-0.00872818685403013
2018-06-26,-0.0033523627559661063
2018-06-27,0.006416626461274378
2018-06-28,-0.001408426838471811
2018-06-29,0.004425346283984261
2018-07-02,-0.010500623066416581
2018-07-03,0.0043758101431096465
2018-07-04,-0.002137176072977208
2018-07-05,0.0001564226173396595
2018-07-06,0.0009342825845993772
2018-07-09,-0.0021345879441331188
2018-07-10,0.0054158095647157895
2018-07-11,-0.005000333729310785
2018-07-12,0.008237273822228552
2018-07-13,0.003971947748515923
2018-07-16,0.00032609928558735275
2018-07-17,0.0001556016417354792
2018-07-18,0.007510578611814153
2018-07-19,-0.0011920666232464443
2018-07-20,-0.0013086528442176797
2018-07-23,-0.00635125740042846
2018-07-24,0.0061773709165695734
2018-07-25,0.001760367768182023
2018-07-26,-0.004527957231042745
2018-07-27,0.0065520197571029455
2018-07-30,0.0015704621723112173
2018-07-31,-0.007818880980227625
2018-08-01,0.0005537573373247265
2018-08-02,-0.003746182963588731
2018-08-03,0.005835477290246209
2018-08-06,7.799236253170174e-05
2018-08-07,0.00200696253350671
2018-08-08,-0.0019064546268853003
2018-08-09,0.003479854650670414
2018-08-10,0.0004197026427997415
2018-08-13,0.012243766770501706
2018-08-14,0.0004115569266666666
2018-08-15,-0.0021504577528442784
2018-08-16,0.003210904112591836
2018-08-17,-0.000578847931095115
2018-08-20,0.0010317857332577513
2018-08-21,-0.000771065901801407
2018-08-22,-0.0003967782553002978
2018-08-23,-6.782482870745137e-05
2018-08-24,0.00221298349274198
2018-08-27,-0.0006696960363778946
2018-08-28,0.0011144812037362406
2018-08-29,0.000533212726151642
2018-08-30,-0.0013324322138675443
2018-08-31,-0.004465618788798624
2018-09-03,0.0018030713782025754
2018-09-04,-0.006415054320636013
2018-09-05,-0.008427680284676149
2018-09-06,-0.005172562306934935
2018-09-07,-0.006246435558753405
2018-09-10,0.003733221811222137
2018-09-11,-0.0033633638607965563
2018-09-12,0.0022637031546324524
2018-09-13,-0.0010551890950074093
2018-09-14,0.0006841233820812305
2018-09-17,-0.0019219849890188484
2018-09-18,0.002375997230674664
2018-09-19,-0.0020395557892963
2018-09-20,0.015131044896918763
2018-09-21,-0.002669249443565572
2018-09-24,-0.000991354612681468
2018-09-25,0.0015437753664240199
2018-09-26,-0.0022687629935922837
2018-09-27,0.0021052315050694814
2018-09-28,0.004460015467134541
2018-10-01,-0.00015303445434976026
2018-10-02,-0.005739650655562413
2018-10-03,-0.00047409097759120236
2018-10-04,-0.005624266250436475
2018-10-05,-0.007970200496717731
2018-10-08,-0.011839530324685573
2018-10-09,-0.0002804931774206904
2018-10-10,-0.012012943781192949
2018-10-11,-0.022208659285068336
2018-10-12,0.0007546809106217384
2018-10-15,0.003194052498151602
2018-10-16,0.012402051330216225
2018-10-17,-0.00045841069583294055
2018-10-18,0.002987962489053477
2018-10-19,0.003514950993122304
2018-10-22,-0.0006959874301287643
2018-10-23,-0.010325343330878908
2018-10-24,-0.010338140609920615
2018-10-25,0.005453588368569326
2018-10-26,-0.0006167631836070534
2018-10-29,-0.0060042147607535425
2018-10-30,0.0032320541821063173
2018-10-31,0.008220866896018598
2018-11-01,0.008393635866511547
2018-11-02,-0.00487446922692078
2018-11-05,-0.004236376033918696
2018-11-06,0.001753486447391276
2018-11-07,0.004014526814383139
2018-11-08,0.0022213852875317157
2018-11-09,0.009239214998027632
2018-11-12,-0.010625870899448137
2018-11-13,0.007734780103298648
2018-11-14,-0.005425517573663797
2018-11-15,-0.003890717044082577
2018-11-16,0.002135348179928505
2018-11-19,-0.014811996522469062
2018-11-20,-0.014546674539395118
2018-11-21,0.008729873542054343
2018-11-22,-0.0031675716002756015
2018-11-23,0.0018183529061015198
2018-11-26,0.010090030503832928
2018-11-27,0.00817015635098255
2018-11-28,0.009496330199774142
2018-11-29,-0.005304554340629818
2018-11-30,-0.0057014133061102385
2018-12-03,0.0056343638905927956
2018-12-04,-0.00317382545281937
2018-12-05,-0.005397994625212768
2018-12-06,-0.010074627624376093
2018-12-07,4.1524530801145257e-05
2018-12-10,-0.02869250902098309
2018-12-11,0.006451664324790742
2018-12-12,0.01436132270533337
2018-12-13,-0.007405336323020024
2018-12-14,-0.0039048631520214234
2018-12-17,-0.0019358962164163327
2018-12-18,0.0029643766986634365
2018-12-19,-0.0034885315858773796
2018-12-20,-0.010215033144476042
2018-12-21,-0.011393885973064882
2018-12-24,-0.005409402583352567
2018-12-26,0.0035385002385959602
2018-12-27,0.006727489595070959
2018-12-28,0.008971890931668402
2018-12-31,-0.00024425665403365665
2019-01-02,-0.0008017964802733367
2019-01-03,0.002307174793986302
2019-01-04,0.01366174773957041
2019-01-07,0.0002560220687954851
2019-01-08,-0.0003427933033764356
2019-01-09,0.010228993642015882
2019-01-10,-0.0011677396768634328
2019-01-11,0.0030348933893743343
2019-01-14,-0.0017244801625887051
2019-01-15,-0.0044675455301178574
2019-01-16,0.005451348009352134
2019-01-17,0.0007839615655332648
2019-01-18,0.010247674580689085
2019-01-21,0.0028624693787242103
2019-01-22,-0.0015095868260550011
2019-01-23,0.0024301108158210558
2019-01-24,0.0032174448757972683
2019-01-25,0.0023391681842723873
2019-01-28,-0.007995189186405722
2019-01-29,-0.003732810194184254
2019-01-30,2.4201736520677083e-06
2019-01-31,-0.005446391154151727
2019-02-01,0.012931041785850583
2019-02-04,0.0021792306858827463
2019-02-05,0.003275122670094146
2019-02-06,-0.0024037663072222232
2019-02-07,-0.0048162377916094855
2019-02-08,-0.0007329702154990126
2019-02-11,0.007612879428973049
2019-02-12,0.007085040607655492
2019-02-13,0.0015484469496453892
2019-02-14,0.006005064202444053
2019-02-15,0.00033460641891105687
2019-02-18,0.0010063345114675513
2019-02-19,0.003934816372387797
2019-02-20,-0.0022654676147658226
2019-02-21,0.0037235362382437615
2019-02-22,0.0004549621376310122
2019-02-25,-0.00024149468911174106
2019-02-26,0.0001426536364040021
2019-02-27,-0.0036826389516325213
2019-02-28,-0.002801136194256032
2019-03-01,0.00398637140187307
2019-03-04,-0.0023250947865014835
2019-03-05,-0.0032438491990860216
2019-03-06,-0.0012789335080081845
2019-03-07,-0.0033647420806421635
2019-03-08,0.0060557483526933195
2019-03-11,-0.0002196758138042092
2019-03-12,0.0009524396067906635
2019-03-13,-0.0015281618886448106
2019-03-14,0.0031155790778130627
2019-03-15,0.008743103236784238
2019-03-18,0.000496877829887908
2019-03-19,0.0023725532902662163
2019-03-20,-0.0004198666270432196
2019-03-21,-0.006010981947655631
2019-03-22,-0.0036907040178049823
2019-03-25,0.006536345496773698
2019-03-26,-0.0023014682896661275
2019-03-27,0.0025177169064744664
2019-03-28,-0.0027024505214927382
2019-03-29,-0.0011343678965661642
2019-04-01,0.002695871135684847
2019-04-02,0.0029986880158533714
2019-04-03,0.00769092972781992
2019-04-04,-0.0044765392098506185
2019-04-05,0.0018330418015059904
2019-04-08,0.000647589346622155
2019-04-09,-0.0015971119795025958
2019-04-10,-0.003887678320315028
2019-04-11,-0.0007254434728506869
2019-04-12,0.002029637067487325
2019-04-15,0.0005128262607332817
2019-04-16,-0.0005739834640624316
2019-04-17,-0.0017794982591524458
2019-04-18,0.001123263125998065
2019-04-22,0.0035222853546960794
2019-04-23,-0.0005314109516017255
2019-04-24,0.006672246684336037
2019-04-25,0.005751174371225615
2019-04-26,0.0070720945063389995
2019-04-29,-0.0017753237135612766
2019-04-30,0.0015867614597671101
2019-05-01,-0.005455059816632457
2019-05-02,0.0005358100450611964
2019-05-03,0.0015303764227545791
2019-05-06,-0.0014311503446395543
2019-05-07,0.0017582066520153389
2019-05-08,0.0012024374333424398
2019-05-09,-0.006026112127920456
2019-05-10,-0.004213223263096915
2019-05-13,-0.003504019435240974
2019-05-14,0.005386219261379258
2019-05-15,0.005468447326634922
2019-05-16,-0.0006195744032236463
2019-05-17,0.00021982875139078643
2019-05-20,-0.011376550315301086
2019-05-21,0.0021576335299154574
2019-05-22,0.0014068060770525248
2019-05-23,-0.0107349489046991
2019-05-24,0.0009595103883378111
2019-05-27,-0.0014253679703072589
2019-05-28,0.0010578565883994076
2019-05-29,-0.00291615601965243
2019-05-30,0.0068989921104984885
2019-05-31,-0.0028888960527646765
2019-06-03,0.0006236683360236872
2019-06-04,-0.004921803986496001
2019-06-05,0.005193966572370183
2019-06-06,0.003861673854652545
2019-06-07,0.002997020107839921
2019-06-10,-0.0024830356658632844
2019-06-11,0.0011069276729681178
2019-06-12,-0.0035094315277235527
2019-06-13,0.0008830377382043387
2019-06-14,-0.00010409792597902649
2019-06-17,0.007823142969815785
2019-06-18,0.01041370893973945
2019-06-19,-0.0009132026901911494
2019-06-20,0.002870471856594021
2019-06-21,-0.0050243747987523775
2019-06-24,-0.0002422018517876243
2019-06-25,1.1642824999211925e-05
2019-06-26,-0.0038455741170743836
2019-06-27,0.0007839381740119785
2019-06-28,0.005603389821628813
2019-07-01,-0.0021837509537822796
2019-07-02,0.008085474136979501
2019-07-03,0.005696213144974995
2019-07-04,-0.0018426117135690778
2019-07-05,-0.0028235088278276625
2019-07-08,0.0032279808227272566
2019-07-09,0.0063578962497470495
2019-07-10,0.0009799353929610764
2019-07-11,-0.0043272563040435376
2019-07-12,0.0025815017643052796
2019-07-15,-0.007914297250510958
2019-07-16,8.07565686897382e-05
2019-07-17,0.008994044762065901
2019-07-18,0.002355169106562374
2019-07-19,0.00019726930315680367
2019-07-22,0.0028502735310346455
2019-07-23,-0.0047681644011215805
2019-07-24,0.0035355491970627145
2019-07-25,-0.0035851383505910352
2019-07-26,0.00034147598790182756
2019-07-29,0.00039560544743272633
2019-07-30,-0.005573826718332614
2019-07-31,-0.016419503028854643
2019-08-01,0.011793078423242634
2019-08-02,-0.010313703954949361
2019-08-05,-0.016470990276598613
2019-08-06,-0.006178952894557613
2019-08-07,0.011463496313766218
2019-08-08,0.004767577838229931
2019-08-09,0.001054250283209432
2019-08-12,-0.0011232168547590405
2019-08-13,-0.00766217039920081
2019-08-14,-0.0017502054457380158
2019-08-15,-5.3461122416643535e-06
2019-08-16,0.00412121243221651
2019-08-19,0.001620009761076556
2019-08-20,-0.0017944258033980253
2019-08-21,0.010316814059165085
2019-08-22,-0.007657942523466308
2019-08-23,3.451152987591133e-05
2019-08-26,-0.0075780747621769645
2019-08-27,0.009612862351547723
2019-08-28,-0.0007266718741500512
2019-08-29,-0.005748858339899583
2019-08-30,0.01040509169712845
2019-09-02,0.0029470547647640413
2019-09-03,-0.0006016860379215085
2019-09-04,0.00850540455459303
2019-09-05,-0.001978163731629687
2019-09-06,0.006757291793314751
2019-09-09,-0.00568651507292319
2019-09-10,-0.0005899292867011493
2019-09-11,-0.019656708906199673
2019-09-12,0.0016513651510620675
2019-09-13,0.002196658620013741
2019-09-16,-0.006239177355310016
2019-09-17,0.01027755527233648
2019-09-18,-0.011201917643271261
2019-09-19,0.0007794385000127788
2019-09-20,-0.0017604578969205391
2019-09-23,0.003485185732002169
2019-09-24,-0.0013632279492486717
2019-09-25,0.000592960761287271
2019-09-26,0.017431000863190854
2019-09-27,0.007849112931944303
2019-09-30,0.0006962469360649914
2019-10-01,-0.003523614832108804
2019-10-02,-0.0167100090410518
2019-10-03,0.003186104559825908
2019-10-04,0.003391936070301556
2019-10-07,0.010365857062517825
2019-10-08,0.0001562894279475229
2019-10-09,0.00455947986167626
2019-10-10,-0.00586003041327872
2019-10-11,0.007805500974966362
2019-10-14,-0.005430735354698896
2019-10-15,0.002046120341485365
2019-10-16,-0.0036172691452552867
2019-10-17,0.008810299851228342
2019-10-18,-0.0012736342437003367
2019-10-21,-0.011899201911570673
2019-10-22,0.000569952055748112
2019-10-23,-0.004888660876108687
2019-10-24,0.011049358561451535
2019-10-25,0.0014690927864445418
2019-10-28,0.0018622018682714176
2019-10-29,-0.0015122565338066276
2019-10-30,-0.005675674227428202
2019-10-31,-0.0068605863298196795
2019-11-01,-0.0007274485342687077
2019-11-04,-0.0008750926598882051
2019-11-05,-0.008578682343411415
2019-11-06,-0.00061006279681487
2019-11-07,-0.012749341702108712
2019-11-08,0.0076246712524163955
2019-11-11,0.0002742605213045211
2019-11-12,-0.008614736109481502
2019-11-13,0.006977595675512093
2019-11-14,-0.0010691874308508646
2019-11-15,0.002518407090377032
2019-11-18,-0.0011185464558099456
2019-11-19,0.005819037410519636
2019-11-20,0.00038558304525801223
2019-11-21,-0.0032796425839935112
2019-11-22,-0.00016829768307545935
2019-11-25,0.00284063530918231
2019-11-26,-0.0011803248324775612
2019-11-27,0.006324748536374484
2019-11-28,0.00901203472786302
2019-11-29,-0.0033540729989166235
2019-12-02,-0.009733777972115623
2019-12-03,-0.009563888074717647
2019-12-04,-0.0011816401665742694
2019-12-05,0.008985058121350356
2019-12-06,0.0018385251957413289
2019-12-09,0.0011071384336370958
2019-12-10,-0.012695899856699814
2019-12-11,0.0006480803538447578
2019-12-12,0.007986350305958624
2019-12-13,-0.004596889847850362
2019-12-16,0.01157360530232901
2019-12-17,0.006690600305563182
2019-12-18,0.0010530869020012865
2019-12-19,0.004445634936284284
2019-12-20,0.009257429429180312
2019-12-23,-0.004249436063456854
2019-12-24,0.0011742824510076228
2019-12-25,0.00023138763546025283
2019-12-26,-0.001503079641649546
2019-12-27,-0.00025150782284210526
2019-12-30,-0.0109114023717243
2019-12-31,0.006909297143738377
2020-01-02,0.007973598482827719
2020-01-03,-0.0021638622542687687
2020-01-06,-0.002715591498729761
2020-01-07,0.004638996145235028
2020-01-08,0.0005605815552960605
2020-01-09,0.001211575649610421
2020-01-10,-0.0038266444222417977
2020-01-13,0.002446469954219947
2020-01-14,0.0007682945214494843
2020-01-15,0.0006428955145634019
2020-01-16,0.007452260597063434
2020-01-17,0.010043725592733317
2020-01-20,0.0037897087829518307
2020-01-21,-0.003320380863055747
2020-01-22,0.004995056406777374
2020-01-23,-0.0018864983781772618
2020-01-24,0.003538548939676969
2020-01-27,-0.00922076909326731
2020-01-28,0.01239787998212529
2020-01-29,0.005216241308393063
2020-01-30,-0.005522883572233378
2020-01-31,-0.007136297951789342
2020-02-03,0.005514842097852349
2020-02-04,-0.0007505680938589224
2020-02-05,0.012556009564645983
2020-02-06,0.016392786379316644
2020-02-07,0.003601903426839652
2020-02-10,0.0033545940448118875
2020-02-11,0.0030642551016235005
2020-02-12,0.004715817521099586
2020-02-13,0.009227650972493291
2020-02-14,0.003476776202380876
2020-02-17,-0.0013140823057397296
2020-02-18,-0.005034685139172612
2020-02-19,0.008877475858277778
2020-02-20,-0.01342290122628171
2020-02-21,-0.003152387864604868
2020-02-24,-0.030149559233369615
2020-02-25,-0.01565634119772104
2020-02-26,-0.0038990062840164137
2020-02-27,-0.03291559890483459
2020-02-28,-0.04730691996334997
2020-03-02,0.0029665676571259195
2020-03-03,0.010734470172174142
2020-03-04,0.023783749014275473
2020-03-05,-0.015312047278145335
2020-03-06,-0.036061983722448315
2020-03-09,-0.020577959230401392
2020-03-10,-0.02129674602874212
2020-03-11,0.0003606565416415684
2020-03-12,-0.02404335967836408
2020-03-13,-0.009189117205608378
2020-03-16,-0.014911627798127887
2020-03-17,0.004360908414470704
2020-03-18,-0.005291447841659573
2020-03-19,0.00669405810647097
2020-03-20,0.024391731967307338
2020-03-23,-0.006360138482752952
2020-03-24,0.019961669567750428
2020-03-25,-0.0035008364002256506
2020-03-26,0.006557521959782037
2020-03-27,-0.00738134664431991
2020-03-30,-0.00021973552159648907
2020-03-31,0.003942977661512547
2020-04-01,-0.010403103184060106
2020-04-02,0.004741941940860607
2020-04-03,0.006870913489400415
2020-04-06,0.00361782888663436
2020-04-07,0.0056089225990002285
2020-04-08,-0.001959467759538703
2020-04-09,0.006928369947748642
2020-04-13,-0.006364936526796161
2020-04-14,0.00789623873509769
2020-04-15,-0.010252312325072288
2020-04-16,0.0006617248298679702
2020-04-17,0.010664961029098278
2020-04-20,0.00394116688561006
2020-04-21,-0.006261397680817946
2020-04-22,-0.002743593498359528
2020-04-23,-0.006246264917099232
2020-04-24,0.007945118765802978
2020-04-27,-0.003066636303626768
2020-04-28,0.0028167035906193796
2020-04-29,-0.002825030358217636
2020-04-30,0.007190661956904822
2020-05-01,-0.004160376863394263
2020-05-04,-0.0083318040455108
2020-05-05,0.02099337706901949
2020-05-06,0.0037374326774159547
2020-05-07,0.015395553515993074
2020-05-08,-0.0011335906902934204
2020-05-11,0.004074808040858277
2020-05-12,0.002156439196583293
2020-05-13,-0.0090737718482586
2020-05-14,-0.0004338007744407663
2020-05-15,0.00407460869041338
2020-05-18,0.005738607304693628
2020-05-19,-0.0007014231657927998
2020-05-20,0.003947021702211411
2020-05-21,-0.007736430882753826
2020-05-22,0.003592678620224286
2020-05-25,0.01731856586551356
2020-05-26,0.0029610504190149315
2020-05-27,-0.01151768135169284
2020-05-28,0.011910624487358676
2020-05-29,-0.0023196283772825674
2020-06-01,0.004875331009002742
2020-06-02,-0.001696654794575076
2020-06-03,-0.0020744616104347593
2020-06-04,0.012083089548645575
2020-06-05,-0.014650017636643288
2020-06-08,-0.009619874480391548
2020-06-09,-0.00964812842275625
2020-06-10,0.0008928472460261628
2020-06-11,-0.0171131116948819
2020-06-12,-0.05089473246958649
2020-06-15,-0.006254675376360583
2020-06-16,-0.003202991005170773
2020-06-17,-0.014909328231437435
2020-06-18,0.011422065004937264
2020-06-19,0.0046121382241989615
2020-06-22,-0.005143878616844805
2020-06-23,0.0044730425890005
2020-06-24,0.0033207823565526455
2020-06-25,-0.002180584595122509
2020-06-26,0.02049858904386374
2020-06-29,0.0005198473144116673
2020-06-30,-0.0013481778829607222
2020-07-01,-0.017262331188490965
2020-07-02,0.013951875844642088
2020-07-03,-0.0019106875255631892
2020-07-06,0.011620681664533138
2020-07-07,-0.0028804336849224924
2020-07-08,-0.00582128355044763
2020-07-09,-0.018732572868272134
2020-07-10,0.010769987082259458
2020-07-13,0.01169466211557164
2020-07-14,-0.012340711608315583
2020-07-15,0.003188723385541196
2020-07-16,-0.020732991645141082
2020-07-17,0.04511731938010087
2020-07-20,0.005702411635619104
2020-07-21,0.010489623801664658
2020-07-22,-0.0056774897674657845
2020-07-23,-0.003507116768240183
2020-07-24,0.0037709892984218976
2020-07-27,-0.003728779828758333
2020-07-28,-0.0061200109405439955
2020-07-29,-0.007414334697895339
2020-07-30,-0.010724164153422557
2020-07-31,-0.005754709728494789
2020-08-03,0.006984255144843068
2020-08-04,0.0012399260418006319
2020-08-05,0.021143403191866306
2020-08-06,-0.0019017329322778792
2020-08-07,0.00215557814044732
2020-08-10,0.005659057533581931
2020-08-11,0.011003992281608126
2020-08-12,0.005825766994089325
2020-08-13,-0.0035295129053411756
2020-08-14,-0.011503253468298457
2020-08-17,0.009386497847581811
2020-08-18,-0.007392683920593725
2020-08-19,0.0015971340004967186
2020-08-20,0.005585491324009321
2020-08-21,-0.006067528379900036
2020-08-24,0.007154407010712412
2020-08-25,-0.008551659595848134
2020-08-26,-0.009050857402264294
2020-08-27,-0.0018053506932113562
2020-08-28,-0.0009212410023787458
2020-08-31,-0.010839532670723047
2020-09-01,0.0044885811242097885
2020-09-02,0.0005876931920558491
2020-09-03,0.0016944792024395907
2020-09-04,-0.020480484618683705
2020-09-07,0.0018826238168216125
2020-09-08,-0.0035792523018813166
2020-09-09,0.014894745562606924
2020-09-10,0.0015295386877457523
2020-09-11,3.3454748413893476e-05
2020-09-14,0.00015751935752298434
2020-09-15,0.0011295568995464051
2020-09-16,-0.0008547108320413441
2020-09-17,0.0013708763882035228
2020-09-18,-0.004358983819447518
2020-09-21,-0.014956509159769017
2020-09-22,0.0017292752394167461
2020-09-23,0.0009841437903922294
2020-09-24,-0.004702321567917827
2020-09-25,-0.006444022726168669
2020-09-28,0.012073076225383596
2020-09-29,-0.001626928849764113
2020-09-30,-0.00807062586461168
2020-10-01,0.008250902153968844
2020-10-02,-0.0025775192049161963
2020-10-05,0.008993001094026126
2020-10-06,-0.00516519543278603
2020-10-07,-0.0013349625191427426
2020-10-08,0.00432743070532483
2020-10-09,0.023113304434395635
2020-10-12,-0.0037491235961351873
2020-10-13,-0.001591799668692529
2020-10-14,0.003366508117815142
2020-10-15,-0.00838872180869915
2020-10-16,0.0022556211022990123
2020-10-19,0.0021759877068062475
2020-10-20,-0.003607700339329059
2020-10-21,-0.013925596854384754
2020-10-22,-0.0077333160919303996
2020-10-23,0.006792891818383836
2020-10-26,-0.015832427602871003
2020-10-27,0.006129117929045869
2020-10-28,-0.011690949755949108
2020-10-29,0.0018420700665266853
2020-10-30,0.002105765222211042
2020-11-02,0.005377593528181776
2020-11-03,0.013240807714744174
2020-11-04,0.003250064759547716
2020-11-05,0.012716321534482775
2020-11-06,-0.0026325012676020605
2020-11-09,-0.0002330797998574038
2020-11-10,0.0025944686242504156
2020-11-11,0.007644951608892958
2020-11-12,-0.0019077419459194627
2020-11-13,-0.0006738165495143885
2020-11-16,-0.0025874715992843123
2020-11-17,0.001716631435816959
2020-11-18,0.006239366988007847
2020-11-19,0.001280824402471813
2020-11-20,-0.0033404280650818807
2020-11-23,-0.005007210220347269
2020-11-24,0.002911134011223465
2020-11-25,0.00490871080266159
2020-11-26,0.0004841796957160042
2020-11-27,0.0012528486588188684
2020-11-30,-0.010356034826850867
2020-12-01,0.005262407014054673
2020-12-02,-0.012648944359932074
2020-12-03,0.002305767494164449
2020-12-04,-0.007779008222909642
2020-12-07,-0.001898443996181919
2020-12-08,0.003442618995503576
2020-12-09,0.0062152859050932634
2020-12-10,0.002118664655604711
2020-12-11,0.001583524706317218
2020-12-14,0.01009501606769079
2020-12-15,-0.002392301068339828
2020-12-16,0.008597427970235307
2020-12-17,0.006131208845558721
2020-12-18,-0.0027351047467186734
2020-12-21,-0.0040449065731918725
2020-12-22,-0.004342727194974237
2020-12-23,0.00585711486715672
2020-12-24,-0.005352305710894204
2020-12-28,0.005691370084446233
2020-12-29,0.007433272758714537
2020-12-30,-0.0012533963113214015
2020-12-31,0.0055095678687313715
2021-01-04,-0.0023946825753500592
2021-01-05,-0.0037504897644320945
2021-01-06,-0.0021911660629447063
2021-01-07,0.0150400161029806
2021-01-08,0.011843118446974079
2021-01-11,0.0036644504119769253
2021-01-12,0.002973694021804361
2021-01-13,-0.0033680219594745577
2021-01-14,0.0063098541904462796
2021-01-15,-0.008563039418177952
2021-01-18,0.01334723950682274
2021-01-19,-0.004561617570790995
2021-01-20,-0.0032721013272026794
2021-01-21,0.007089856481571944
2021-01-22,-0.005274227131718406
2021-01-25,-0.004687038849168417
2021-01-26,0.005400936965273263
2021-01-27,-0.014841227131043008
2021-01-28,0.007299453852575117
2021-01-29,-0.012617141169772594
2021-02-01,-0.0027069870137564583
2021-02-02,0.017525670351816833
2021-02-03,-0.009313015478215338
2021-02-04,0.0013457508364291804
2021-02-05,0.00885456042978321
2021-02-08,-0.010116075354759906
2021-02-09,0.0065705524219216785
2021-02-10,0.0004667671689132088
2021-02-11,-0.005444731413049471
2021-02-12,0.003658832261297358
2021-02-15,0.040682984922701504
2021-02-16,-0.0007633524852624401
2021-02-17,-0.01396055766424558
2021-02-18,-0.004048640240970701
2021-02-19,-0.0013772816298176893
2021-02-22,0.0004114895606608883
2021-02-23,-0.01253406835230756
2021-02-24,-0.00037979870391222255
2021-02-25,0.0005044469138695425
2021-02-26,-0.005080215690442585
2021-03-01,-0.004675188703320348
2021-03-02,0.007065789313560789
2021-03-03,-0.011002248625343675
2021-03-04,-0.029857716081761236
2021-03-05,-0.0015162437183786396
2021-03-08,0.005587431003771064
2021-03-09,0.0005638507422587961
2021-03-10,0.006675043420194375
2021-03-11,0.004978375932966003
2021-03-12,0.002578800902255246
2021-03-15,0.005472002547911411
2021-03-16,0.0030718812863951236
2021-03-17,0.01076951811389295
2021-03-18,-0.007964871575648718
2021-03-19,-0.010114363952882035
2021-03-22,0.0004786523455839798
2021-03-23,-0.002454988081900393
2021-03-24,0.006202849650887782
2021-03-25,-0.013824113506849853
2021-03-26,0.0008537309382589398
2021-03-29,-0.001329133421606365
2021-03-30,-0.001950406704328593
2021-03-31,-0.00301262665710718
2021-04-01,0.012712983463952401
2021-04-05,-0.001346671227303808
2021-04-06,-0.0028178501368157274
2021-04-07,0.00012022215884971804
2021-04-08,0.01028633160573289
2021-04-09,0.0053817119121314745
2021-04-12,-0.00447796311020253
2021-04-13,0.0027682623711958745
2021-04-14,7.415932584702652e-05
2021-04-15,-0.0034140020210380656
2021-04-16,0.010612989010096082
2021-04-19,0.0004081652576359072
2021-04-20,-0.00548282480453135
2021-04-21,-0.005983073811118859
2021-04-22,0.0018042230054171856
2021-04-23,0.011944157556455674
2021-04-26,-0.007087949241887861
2021-04-27,-0.0009942861053219816
2021-04-28,-0.0004526105397609007
2021-04-29,0.0064234943725388835
2021-04-30,-0.004477075357816515
2021-05-03,0.004479485750421715
2021-05-04,-0.010803100636841971
2021-05-05,0.012971525156888946
2021-05-06,0.009076095191007676
2021-05-07,0.00033492049746382263
2021-05-10,0.000622230892776228
2021-05-11,-0.010152708991780392
2021-05-12,-0.00916430442896128
2021-05-13,0.012245750234296042
2021-05-14,0.003668562159935888
2021-05-17,0.0020968106490898584
2021-05-18,0.001981416631741492
2021-05-19,-0.010411917308952906
2021-05-20,0.006601395015865207
2021-05-21,0.009091321187764147
2021-05-24,0.01006029460400435
2021-05-25,0.00260935033035769
2021-05-26,-0.005246351875684989
2021-05-27,0.010656459392106594
2021-05-28,0.003102545713328886
2021-05-31,-0.0016544731546834547
2021-06-01,0.00195444181327775
2021-06-02,0.00358504409851878
2021-06-03,0.004832425324984688
2021-06-04,-0.0007771837221516341
2021-06-07,-0.0010593267320256632
2021-06-08,-0.0015173056398714874
2021-06-09,0.005058769210123643
2021-06-10,-0.005287389750715573
2021-06-11,-0.006778328871439682
2021-06-14,0.0016939972209591557
2021-06-15,0.008974327155246636
2021-06-16,-0.0023944549585935932
2021-06-17,0.0011564734229310273
2021-06-18,-0.003176984298291003
2021-06-21,0.009386541092523126
2021-06-22,-0.0005332646523576975
2021-06-23,-0.0037881311038316266
2021-06-24,0.005932989181402386
2021-06-25,0.005967293388227744
2021-06-28,-0.009914169856363453
2021-06-29,0.0020618826192867305
2021-06-30,-0.008151382970759475
2021-07-01,0.009377462524646656
2021-07-02,0.0006135667304196107
2021-07-05,0.0014644584416347891
2021-07-06,-0.004001050347776008
2021-07-07,0.007196077896437429
2021-07-08,-0.003930917603121375
2021-07-09,0.008126272741330159
2021-07-12,0.00151722903308476
2021-07-13,-0.004857466428041031
2021-07-14,0.009351197129131926
2021-07-15,-0.0017229151535221826
2021-07-16,-0.007957127075555834
2021-07-19,-0.006473253040688448
2021-07-20,0.007255733145060374
2021-07-21,0.009700334264435739
2021-07-22,-0.0031992437392396166
2021-07-23,0.004200415228124976
2021-07-26,0.001790480381947854
2021-07-27,0.0018725452109928941
2021-07-28,0.0031763437633478705
2021-07-29,0.001400024483801993
2021-07-30,-0.0056314895130854135
2021-08-02,0.00026041491913366603
2021-08-03,0.00856502740040244
2021-08-04,0.006448701699472505
2021-08-05,0.005928789005679677
2021-08-06,-0.00406841834123277
2021-08-09,0.004102479583573568
2021-08-10,-0.0007863460259732752
2021-08-11,0.0001256520479212121
2021-08-12,-0.0014380316312878132
2021-08-13,0.004103486384440753
2021-08-16,-0.008424441631307285
2021-08-17,0.0009437479416644778
2021-08-18,0.0016090583730321744
2021-08-19,-0.01985113884790924
2021-08-20,0.006535107670144494
2021-08-23,0.009964766847515481
2021-08-24,-0.006718484433673057
2021-08-25,0.005445115477205114
2021-08-26,-0.0026467105246156617
2021-08-27,0.00025288038712080506
2021-08-30,-0.00507645059935926
2021-08-31,-0.002527874681342238
2021-09-01,0.007668015638754678
2021-09-02,0.002502642500090576
2021-09-03,-0.0031028816288940545
2021-09-06,0.0005404976913132579
2021-09-07,-0.0006555259840079926
2021-09-08,-0.06017381187712262
2021-09-09,0.0010987169004560756
2021-09-10,0.0019560804328245555
2021-09-13,-0.0031433719022847403
2021-09-14,0.00134130115490493
2021-09-15,-0.0052175514641158525
2021-09-16,0.001181909604625273
2021-09-17,0.000644613463590786
2021-09-20,-0.000594210860834896
2021-09-21,-0.01441486048822724
2021-09-22,0.0033336056060821284
2021-09-23,0.006722707358915744
2021-09-24,-0.00596850276374768
2021-09-27,-0.00041534848661209053
2021-09-28,-0.007442186946102294
2021-09-29,-0.0016536893332046172
2021-09-30,0.007670338234424988
2021-10-01,0.0008436655058593254
2021-10-04,-0.0036377928679596863
2021-10-05,0.0005431467413675879
2021-10-06,0.002154475339817127
2021-10-07,0.006008884461031757
2021-10-08,-0.0025537623349039624
2021-10-11,0.0001420402601978585
2021-10-12,0.0016092790025527726
2021-10-13,0.008082357898681026
2021-10-14,0.00033077212071443347
2021-10-15,0.0057740290335040936
2021-10-18,0.0015769791107343753
2021-10-19,0.0006946174818962328
2021-10-20,-0.0031178999385579314
2021-10-21,0.0004518507442543519
2021-10-22,0.009322085256762052
2021-10-25,-0.004704521949931496
2021-10-26,-0.00016717185300077437
2021-10-27,-0.00039518828972112
2021-10-28,0.008465404041326965
2021-10-29,-0.006816623720829282
2021-11-01,0.009487028802987598
2021-11-02,-0.0013127487818955365
2021-11-03,0.005352260237819749
2021-11-04,0.0013676223420805592
2021-11-05,0.002371772991228646
2021-11-08,-0.0016401984733524885
2021-11-09,-0.00041614376592337215
2021-11-10,0.0005561628697826413
2021-11-11,0.006883176059583294
2021-11-12,0.004572353739206492
2021-11-15,0.0001658512398843302
2021-11-16,0.00582387083116404
2021-11-17,0.0043249606232764835
2021-11-18,0.004289654643423242
2021-11-19,0.0012560165998876597
2021-11-22,0.0038334879050657333
2021-11-23,-0.0045370534531065446
2021-11-24,0.0038130234481862477
2021-11-25,0.005727004873164669
2021-11-26,-0.006099062934777716
2021-11-29,-0.004564446874746424
2021-11-30,0.005341396298591119
2021-12-01,-5.2476148412223514e-05
2021-12-02,-0.004741210253244087
2021-12-03,-0.0009134879219014156
2021-12-06,-0.0013693368784274704
2021-12-07,0.00013553780220902124
2021-12-08,-0.0019536695138230855
2021-12-09,-0.0057897865694048235
2021-12-10,0.004124588045595248
2021-12-13,-0.0017787458810868755
2021-12-14,-0.0003194295217504627
2021-12-15,0.0038151807769437125
2021-12-16,-0.00014173683649080712
2021-12-17,-0.011988824944690082
2021-12-20,0.007438397097465153
2021-12-21,-0.0018469185597674818
2021-12-22,-0.0012965565354004591
2021-12-23,-0.0033331953414534794
2021-12-24,0.00016823208050137733
2021-12-27,-0.00024162870466360318
2021-12-28,0.0007245724166830315
2021-12-29,0.0011185223916056453
2021-12-30,-0.0046319713271590485
2021-12-31,0.0037024296450377664
2022-01-03,-0.0020786002438344412
2022-01-04,0.006824634516855417
2022-01-05,0.003420803886954207
2022-01-06,-0.0034255349956992397
2022-01-07,-0.0028658035353005215
2022-01-10,-0.007951706030049438
2022-01-11,-0.00038578363946682195
2022-01-12,-0.003167376559433794
2022-01-13,-0.006136728514505233
2022-01-14,-0.002878199005298201
2022-01-17,0.006887841649826796
2022-01-18,0.001639449442504088
2022-01-19,0.004750359886481169
2022-01-20,-0.0022021200842628806
2022-01-21,0.00045997344225721937
2022-01-24,-0.0056359248294454226
2022-01-25,0.002112359707056525
2022-01-26,0.004077232499395485
2022-01-27,0.0017875764661464837
2022-01-28,0.005156423011716652
2022-01-31,0.00218744766791065
2022-02-01,-0.003115503726888333
2022-02-02,-0.002929334913894332
2022-02-03,-0.006676381879778543
2022-02-04,-0.011578908392903339
2022-02-07,-0.007115793653647784
2022-02-08,0.004799183471913713
2022-02-09,0.004276685322384559
2022-02-10,-0.0035409922900193885
2022-02-11,-0.0009181783662155469
2022-02-14,0.0026687646205510907
2022-02-15,0.011778138513351525
2022-02-16,-0.002661031740903732
2022-02-17,-0.004000508355495524
2022-02-18,-0.006930943283241171
2022-02-21,0.004777422653904423
2022-02-22,0.0031684004723355128
2022-02-23,0.00016331855715710384
2022-02-24,0.0007630777831868199
2022-02-25,0.006211268026505403
2022-02-28,0.0038537855148276273
2022-03-01,-0.003963262143995158
2022-03-02,0.010516740115157928
2022-03-03,-0.00988890259250417
2022-03-04,-0.005047769104412861
2022-03-07,0.0039839219863309905
2022-03-08,0.017730674813041025
2022-03-09,0.016202596366718128
2022-03-10,-0.0035767718183030914
2022-03-11,0.011103790186731874
2022-03-14,0.01687297954776475
2022-03-15,0.0094541669722298
2022-03-16,0.01176174365590853
2022-03-17,-0.009726998293856957
2022-03-18,-0.00644377398681526
2022-03-21,-0.007176804259421926
2022-03-22,0.004755071342426255
2022-03-23,-0.010734556566675817
2022-03-24,-0.00407570443854311
2022-03-25,0.002008354927856951
2022-03-28,0.0020123822231118975
2022-03-29,0.004770157669868954
2022-03-30,-0.00546096054365165
2022-03-31,-0.0121593841670148
2022-04-01,0.018372953516325632
2022-04-04,-0.005084806444037202
2022-04-05,0.005777458090221312
2022-04-06,0.001924835228331154
2022-04-07,0.011184982111182969
2022-04-08,0.012965228383325745
2022-04-11,-0.0036132386965804482
2022-04-12,-0.007985692036471039
2022-04-13,0.0046350838466261935
2022-04-14,-0.015213741753400324
2022-04-18,0.004747429133906782
2022-04-19,0.003006592839635144
2022-04-20,0.007343158176936293
2022-04-21,-0.009461019246000839
2022-04-22,-0.0012328676021007188
2022-04-25,-0.008112392084330549
2022-04-26,-0.0018822768734732221
2022-04-27,0.007685709419654581
2022-04-28,0.003603598833881492
2022-04-29,0.015399073537628103
2022-05-02,-0.004822249921642918
2022-05-03,0.013596317289830177
2022-05-04,-0.009792716899335148
2022-05-05,-0.013256466875717823
2022-05-06,-0.0028009836737086
2022-05-09,0.0023392054567496347
2022-05-10,0.0031732041881430174
2022-05-11,-0.0005430072383910611
2022-05-12,-0.005976538561802426
2022-05-13,0.00966938431924457
2022-05-16,3.1891965045979798e-06
2022-05-17,0.01481477753597678
2022-05-18,-0.0046472914969634535
2022-05-19,0.010148595437672006
2022-05-20,-0.00825150956265266
2022-05-23,0.0144191667030432
2022-05-24,0.0015730177136959907
2022-05-25,0.004839050606679357
2022-05-26,0.004488983449607792
2022-05-27,-0.010685999099997519
2022-05-30,0.0033012481582615385
2022-05-31,0.0009292986061947383
2022-06-01,0.007078931275357631
2022-06-02,0.004788283484980909
2022-06-03,-0.0055396546122106665
2022-06-06,0.0021796485256041923
2022-06-07,-0.0018732499955019968
2022-06-08,-0.0116051121366271
2022-06-09,-0.00011009338796535582
2022-06-10,0.010893169057368148
2022-06-13,0.008403629789148742
2022-06-14,0.005616059504510249
2022-06-15,0.0010152272680826722
2022-06-16,0.007573213553391807
2022-06-17,0.0029764242236362177
2022-06-20,0.005900392728487042
2022-06-21,-0.0050562699709700365
2022-06-22,-0.009040914712692416
2022-06-23,-0.005144334483718576
2022-06-24,0.0018749786774776296
2022-06-27,-0.0010649212117450984
2022-06-28,0.0005449297559060309
2022-06-29,-0.006271972075071809
2022-06-30,0.0006963172192125382
2022-07-01,-0.0025654329379344214
2022-07-04,0.004918624934327068
2022-07-05,-0.00794752623215253
2022-07-06,0.00273829051255714
2022-07-07,0.010093314711603808
2022-07-08,0.0040265357177333965
2022-07-11,-0.002253258247086286
2022-07-12,0.0020235501592957518
2022-07-13,0.0037923595998340365
2022-07-14,0.004584033034907039
2022-07-15,0.0015021617522162911
2022-07-18,-0.006074902295961305
2022-07-19,0.0012935542147177377
2022-07-20,-0.002926391225222305
2022-07-21,0.004225370630200119
2022-07-22,-0.004495774369986747
2022-07-25,0.004072921320120847
2022-07-26,0.0024683395331717255
2022-07-27,0.0027438652667049583
2022-07-28,-0.004803939259249279
2022-07-29,-0.006504232689528779
2022-08-01,-0.0031595019380049687
2022-08-02,4.514305871981339e-05
2022-08-03,0.008730339609277486
2022-08-04,-0.0057012260663439306
2022-08-05,-0.0023690693184582473
2022-08-08,0.007098604741895628
2022-08-09,-0.000504530664456879
2022-08-10,-0.004220877053334816
2022-08-11,-0.0073199966613876665
2022-08-12,-0.002712870996355613
2022-08-15,0.004227411880676154
2022-08-16,0.006069409557541153
2022-08-17,-0.0008870738464931286
2022-08-18,0.00018287040942140272
2022-08-19,0.0071488136027276425
2022-08-22,0.006004948944114267
2022-08-23,0.009400686870655806
2022-08-24,-0.00035758569826636395
2022-08-25,-0.001139112895499148
2022-08-26,0.007784285319780746
2022-08-29,0.0013499065849252323
2022-08-30,-0.00549434344708985
2022-08-31,0.006688609503830979
2022-09-01,-0.002154140808188489
2022-09-02,0.005242963281325105
2022-09-05,0.00012022297858461928
2022-09-06,0.0008139467727821354
2022-09-07,-0.0006324042126809328
2022-09-08,-0.0036169902087454194
2022-09-09,-0.0006877105012467504
2022-09-12,-0.0034735040319321914
2022-09-13,-0.0029306147728967594
2022-09-14,0.006913839761644613
2022-09-15,-0.0063376854778666595
2022-09-16,-0.0023514265703406087
2022-09-19,0.0013651515479111446
2022-09-20,-0.16605754484272336
2022-09-21,0.004142646445718392
2022-09-22,0.0028865696117667122
2022-09-23,-0.004404125593560339
2022-09-26,0.007932917093287058
2022-09-27,0.005401164244914616
2022-09-28,-0.019233162702686074
2022-09-29,-0.004868082142108823
2022-09-30,-0.0032571073200070117
2022-10-03,0.007520799846837468
2022-10-04,0.0010766626762342578
2022-10-05,-0.0070510464246895995
2022-10-06,0.0037403196224317205
2022-10-07,0.004022525488182179
2022-10-10,-0.0009662210954163885
2022-10-11,0.0005833565507843621
2022-10-12,0.0014143470989220345
2022-10-13,-0.003567477476107499
2022-10-14,0.002637621214750993
2022-10-17,0.0014517705450457824
2022-10-18,-0.002830749172086302
2022-10-19,0.0016562801855031742
2022-10-20,0.008472382657981673
2022-10-21,-0.007195524721772044
2022-10-24,-0.001913030446313974
2022-10-25,0.0037846969714186406
2022-10-26,-0.006640879684524908
2022-10-27,-0.007270080715659791
2022-10-28,0.0027088940842083884
2022-10-31,0.0011570177647496102
2022-11-01,0.00918216967522206
2022-11-02,0.0030779184749389994
2022-11-03,0.0012387770231928191
2022-11-04,0.0028362162187676922
2022-11-07,-0.008754821405422459
2022-11-08,-0.003266140270260837
2022-11-09,-0.005150345075001698
2022-11-10,0.007170020837735288
2022-11-11,-0.007718415266347598
2022-11-14,-0.0014220224333668452
2022-11-15,0.14090571981585318
2022-11-16,-0.0033765862858695377
2022-11-17,0.0034910915414185658
2022-11-18,0.0019505705556015732
2022-11-21,0.002841261424202249
2022-11-22,0.00045876955187006997
2022-11-23,-0.002315298898117356
2022-11-24,-0.004110178727591416
2022-11-25,-0.0007673104195685863
2022-11-28,0.0054866858773898195
2022-11-29,-0.0005785545151945973
2022-11-30,0.0036986663511946174
2022-12-01,0.00020728497049760208
